id,repo_name,sha_fail,total_jobs,logged_jobs,complete_job_log_coverage,observed_start,observed_end,observed_wall_seconds,observed_runner_seconds
44,wandb,c99ead9542bde331497f2456537fdbb0e37706d0,1,1,True,2026-08-17T10:16:09.740618+00:00,2026-08-17T10:18:42.550192+00:00,152.809574,152.809574
64,errbot,8a04007d606de7a355f904407294f8ad5d2b7374,3,1,False,2026-08-17T10:16:12.601361+00:00,2026-08-17T10:18:11.113991+00:00,118.51263,118.51263
63,errbot,a14be35a9de01a87991618a5dbd6b96470d0f799,3,1,False,2026-08-17T10:16:14.474904+00:00,2026-08-17T10:18:13.674986+00:00,119.200082,119.200082
37,river,fd461e9133f1d191e3db194745f2306cde1772b6,1,1,True,2026-08-17T10:16:18.364514+00:00,2026-08-17T10:16:18.748008+00:00,0.383494,0.383494
27,optuna,0b08b8e82f8e67d89dd4335e63ecd95ab6f5f048,2,2,True,2026-08-17T10:16:20.479812+00:00,2026-08-17T10:23:14.301836+00:00,413.822024,414.13304600000004
11,skypilot,cced5b5d68a3fe1a02d8ac1186e9d12b6c75dc8d,1,1,True,2026-08-17T10:16:23.420220+00:00,2026-08-17T10:17:28.525150+00:00,65.10493,65.10493
13,skypilot,b639adb71066410b3b12d97a674ee7fcb51e9980,1,1,True,2026-08-17T10:16:27.042159+00:00,2026-08-17T10:20:53.040224+00:00,265.998065,265.998065
15,skypilot,c3f4fe9eefdb297183b6d51bfc305e40feeec358,1,1,True,2026-08-17T10:16:29.928792+00:00,2026-08-17T10:17:33.741557+00:00,63.812765,63.812765
12,skypilot,edaf59b69f96acdf155c4514061ea648ea6df122,1,1,True,2026-08-17T10:16:32.810698+00:00,2026-08-17T10:17:35.550185+00:00,62.739487,62.739487
67,cowrie,55f8e6684499eb6abe5b1c1dba01ca4c90d2c949,7,1,False,2026-08-17T10:16:35.654341+00:00,2026-08-17T10:16:59.068235+00:00,23.413894,23.413894
59,octodns,3ed7a88e343c89b7153efea25db1b6287b2f0823,7,6,False,2026-08-17T10:17:17.073691+00:00,2026-08-17T10:23:14.338475+00:00,357.264784,26.240948
5,tornado,d1b0280fb92d0d8590cf403ca46af3550507d4d2,14,3,False,2026-08-17T10:18:00.691946+00:00,2026-08-17T10:21:40.342386+00:00,219.65044,64.854249
26,integration,5fea24b4a3fc4952e83474db5e7dc05af9ec76f6,9,2,False,2026-08-17T10:19:14.634130+00:00,2026-08-17T10:21:31.153702+00:00,136.519572,77.98151200000001
32,django-import-export,2f0605c9ec79b7a675728cb525ad55b36ade2e93,1,1,True,2026-08-17T10:17:38.402078+00:00,2026-08-17T10:18:46.212360+00:00,67.810282,67.810282
36,composer,4410203c56984c613d23f29a81ecd1b96c57b1ee,3,1,False,2026-08-17T10:17:31.710826+00:00,2026-08-17T10:19:03.219093+00:00,91.508267,91.508267
65,open_model_zoo,ce191b811e255722bfb4f5c2c7c30bcb7a4a3d59,2,1,False,2026-08-17T10:17:40.256389+00:00,2026-08-17T10:19:00.207323+00:00,79.950934,79.950934
33,django-import-export,c359d794dd0e4baf40be48d584193f88c2213f37,1,1,True,2026-08-17T10:17:44.867608+00:00,2026-08-17T10:18:33.038202+00:00,48.170594,48.170594
58,seaborn,785242b646b54a33547ff1298cb945a05c24aa4c,9,1,False,2026-08-17T11:01:20.793292+00:00,2026-08-17T11:05:33.633162+00:00,252.83987,252.83987
4,sanic,2e41e783672597e2e0c7b2842b5934d879374028,13,1,False,2026-08-17T10:17:04.091199+00:00,2026-08-17T10:17:39.378069+00:00,35.28687,35.28687
30,django-import-export,d4ca3713b196de2aee52fd0344d0eb9a9eaada64,1,1,True,2026-08-17T10:17:19.504872+00:00,2026-08-17T10:18:07.766618+00:00,48.261746,48.261746
7,cloud-init,55d2e8d4abb024997be878797d5625effad65d43,8,3,False,2026-08-17T10:17:19.362147+00:00,2026-08-17T10:25:55.337661+00:00,515.975514,193.525832
57,seaborn,2201be21886bb82201f3c3487f5f1468f6e6ac81,9,3,False,2026-08-17T10:19:17.195240+00:00,2026-08-17T10:25:41.566538+00:00,384.371298,435.412505
47,accelerate,3dd8e4404a0ce2e29db4911dc2cd7e94755be631,1,1,True,2026-08-17T10:19:56.173975+00:00,2026-08-17T10:21:47.249008+00:00,111.075033,111.075033
60,octodns,9e1aa7b8edfb723656f41f97bab57f9a653d5e1b,7,6,False,2026-08-17T10:18:01.879380+00:00,2026-08-17T10:26:19.758740+00:00,497.87936,34.312638
29,django-import-export,616eb3b10db94cf4a4c209377f36b2ce995bd01c,1,1,True,2026-08-17T10:18:11.327336+00:00,2026-08-17T10:18:45.194468+00:00,33.867132,33.867132
34,django-import-export,cfbbed910a5d84c08f9af237cf6737502c456f66,1,1,True,2026-08-17T10:17:39.277256+00:00,2026-08-17T10:18:06.975580+00:00,27.698324,27.698324
18,beets,b94b7e71f74eb6e8c4ef7f299c24a20f5cded2f8,1,1,True,2026-08-17T10:19:34.413597+00:00,2026-08-17T10:19:54.571542+00:00,20.157945,20.157945
31,django-import-export,2a59b55e6124b33dca7f48c12845c78130b20fd5,1,1,True,2026-08-17T10:19:36.470183+00:00,2026-08-17T10:20:08.758114+00:00,32.287931,32.287931
43,wandb,077f6aaac3ebb96626ac747fb126a0b4d752489c,1,1,True,2026-08-17T10:21:56.063858+00:00,2026-08-17T10:25:10.436176+00:00,194.372318,194.372318
25,integration,5b9b7a0f0f73cc0257f1b41b4904dc9056e9baa1,9,2,False,2026-08-17T10:23:52.545013+00:00,2026-08-17T10:26:25.574977+00:00,153.029964,78.662072
52,starlette,cc0b066c05947c2a356d063d0137685205709c3e,5,1,False,2026-08-17T10:19:41.053973+00:00,2026-08-17T10:21:06.178893+00:00,85.12492,85.12492
19,beets,454164496177fd8b9d6aad4f106e68e816becb6c,1,1,True,2026-08-17T10:23:15.963799+00:00,2026-08-17T10:23:31.808251+00:00,15.844452,15.844452
28,optuna,3137ef65975fc93e9e82b130e545028223cef408,1,1,True,2026-08-17T10:19:15.324872+00:00,2026-08-17T10:20:06.072525+00:00,50.747653,50.747653
17,beets,7440ca51fb0ff3fb94a725fcd278f7fd5ea77c04,1,1,True,2026-08-17T10:21:35.809144+00:00,2026-08-17T10:21:56.985328+00:00,21.176184,21.176184
20,beets,537b57d99d10ecbcf8a9835bda18a73ee284d88f,1,1,True,2026-08-17T10:18:32.048244+00:00,2026-08-17T10:18:51.900378+00:00,19.852134,19.852134
16,beets,0d26cc1482ff5080ec579b17b29f22657a20c562,1,1,True,2026-08-17T10:18:50.028835+00:00,2026-08-17T10:19:26.372681+00:00,36.343846,36.343846
62,pylint,fc6215f93ad9e2be8a32dc18b75a3f5bf6381a16,4,1,False,2026-08-17T10:22:21.988062+00:00,2026-08-17T10:22:22.306848+00:00,0.318786,0.318786
42,httpx,897a5deb406b53ea2f4675cdf0c2f1fa93fc6238,5,1,False,2026-08-17T10:18:24.662320+00:00,2026-08-17T10:19:31.465126+00:00,66.802806,66.802806
2,diffusers,db6550a228941b538f340fb5b65ed16c43a21b88,2,1,False,2026-08-17T10:22:27.329723+00:00,2026-08-17T10:23:14.864980+00:00,47.535257,47.535257
8,cloud-init,385c14d0ae500918cff5565ea836884bfaa2bfa5,8,3,False,2026-08-17T10:23:35.818992+00:00,2026-08-17T10:34:48.942706+00:00,673.123714,187.516339
40,httpx,1afe2c9cb192d3760d59190cc7892e7ac37d5e27,3,1,False,2026-08-17T10:18:40.239846+00:00,2026-08-17T10:19:35.596789+00:00,55.356943,55.356943
3,mindsdb,102f918deb2532bb7b825f00258f2c1414cf94da,1,1,True,2026-08-17T10:22:06.515864+00:00,2026-08-17T10:23:06.052407+00:00,59.536543,59.536543
24,integration,d985231d83ec0cb50784548dae26236dd03bd2a6,9,1,False,2026-08-17T10:19:43.401082+00:00,2026-08-17T10:20:19.880750+00:00,36.479668,36.479668
61,pwndbg,f2f8b63c3d579f9e8f1d4319592e44e39591ee38,2,2,True,2026-08-17T10:18:47.004672+00:00,2026-08-17T10:23:10.751411+00:00,263.746739,311.220471
10,cloud-init,ecb486addc70aecc9b28f2b30a77eaf2fd587091,8,2,False,2026-08-17T10:23:10.397634+00:00,2026-08-17T10:29:38.852809+00:00,388.455175,151.53299099999998
46,accelerate,44b56e01683771fb4ca583f9ea57c67dcee8e779,1,1,True,2026-08-17T10:24:23.595472+00:00,2026-08-17T10:26:18.081788+00:00,114.486316,114.486316
66,open_model_zoo,07bc10c0e7858b22e9345812af8e6bb6c4ef18be,2,1,False,2026-08-17T10:18:52.162740+00:00,2026-08-17T10:20:12.448379+00:00,80.285639,80.285639
49,accelerate,c9991372b81edabb86965638db110ab930f8e165,1,1,True,2026-08-17T10:19:05.306325+00:00,2026-08-17T10:20:57.627039+00:00,112.320714,112.320714
1,diffusers,2c06ffa4c9d2c37846c60ad75899b4d72f214ff9,2,1,False,2026-08-17T10:24:27.672904+00:00,2026-08-17T10:25:14.705607+00:00,47.032703,47.032703
9,cloud-init,4d5898b8a73c93e1ed4434744c2fa7c3f7fbd501,8,2,False,2026-08-17T10:23:17.559132+00:00,2026-08-17T10:26:15.850720+00:00,178.291588,149.356633
39,httpx,83b5e4bf130d204fbb25b26a341c62aee4fc2d0f,5,1,False,2026-08-17T10:22:07.400129+00:00,2026-08-17T10:23:08.109777+00:00,60.709648,60.709648
23,yt-dlp,e29a1f6d5a51a55349b025c23fa01bddb8858a71,2,2,True,2026-08-17T10:26:24.734726+00:00,2026-08-17T10:28:37.751603+00:00,133.016877,45.075428
41,httpx,7f351340260c165e18ccd7c83dc783bb371b3797,5,1,False,2026-08-17T10:19:54.504924+00:00,2026-08-17T10:21:20.063857+00:00,85.558933,85.558933
38,httpx,aa8a42bcf03f3b89575a9cce2f8af715a5121c59,5,1,False,2026-08-17T10:19:59.641899+00:00,2026-08-17T10:21:31.622018+00:00,91.980119,91.980119
54,uvicorn,0b93d2da3b721c80dcb6a2993a23876a97498dd5,9,1,False,2026-08-17T10:18:52.692343+00:00,2026-08-17T10:18:54.601450+00:00,1.909107,1.909107
6,cloud-init,f18f82de3e0270f6dfddf22f1f487104b2428e35,8,3,False,2026-08-17T10:23:29.519651+00:00,2026-08-17T11:01:28.245915+00:00,2278.726264,189.163517
45,google-cloud-python,99ad8a351bb884f1e398c1d85c62d6b6e0bdd67e,2,1,False,2026-08-17T10:24:13.169044+00:00,2026-08-17T10:25:52.556691+00:00,99.387647,99.387647
21,diffusers,68ddb2559e616656301858d441a523ebd64a710f,2,1,False,2026-08-17T10:28:18.020594+00:00,2026-08-17T10:29:05.343665+00:00,47.323071,47.323071
22,diffusers,ba66fb81a0c8db48fed7abe833409f447b95708b,1,1,True,2026-08-17T10:29:58.103001+00:00,2026-08-17T10:31:49.345778+00:00,111.242777,111.242777
55,mindsdb,e5b5fcb646e6fa9cab60fb4fff930888149b88fe,1,1,True,2026-08-17T10:22:41.244579+00:00,2026-08-17T10:23:46.313173+00:00,65.068594,65.068594
48,accelerate,028ad1efee2c41691d78e5a4de90ebd6f8236cad,1,1,True,2026-08-17T10:27:21.586335+00:00,2026-08-17T10:29:45.106301+00:00,143.519966,143.519966
51,starlette,e21f666b44b5c2ddf22f9a9d057787811dc92a30,5,1,False,2026-08-17T10:28:34.624206+00:00,2026-08-17T10:29:28.231862+00:00,53.607656,53.607656
35,gef,76e35eca93562514943c5842cf2b0b8ec94a4763,2,2,True,2026-08-17T10:21:03.474478+00:00,2026-08-17T10:23:46.509475+00:00,163.034997,157.681401
56,seaborn,6cbb12e47665eda2c687b4431d6ce789e74ea4a4,5,1,False,2026-08-17T14:55:51.020668+00:00,2026-08-17T15:00:18.375519+00:00,267.354851,267.354851
68,spektral,386bf6f0815368b78261be43bf90e203dfe9c13f,1,1,True,2026-08-17T10:26:53.047756+00:00,2026-08-17T10:30:31.166610+00:00,218.118854,218.118854
14,skypilot,d2f64daf7608d00cb7a8659cfd1dee42c54bb12c,1,1,True,2026-08-17T10:27:00.607424+00:00,2026-08-17T10:28:14.449963+00:00,73.842539,73.842539
53,starlette,58c7cde15084b1c07373c00028dbd19b85fd5e1b,5,1,False,2026-08-17T10:22:19.864468+00:00,2026-08-17T10:24:10.856805+00:00,110.992337,110.992337
50,dask,16a0c04d06205527ec5e379df2596b399ee5dadc,1,1,True,2026-08-17T10:29:11.385501+00:00,2026-08-17T10:31:12.735578+00:00,121.350077,121.350077
75,agno,ca75b3dc2cfaf4d6a9409109f10b285bdf6a8097,2,2,True,2026-08-17T10:35:11.859476+00:00,2026-08-17T10:37:57.786235+00:00,165.926759,173.14201
99,aider,b79f8486bf2063658bf3b2e658c07b7cfbe519bc,1,1,True,2026-08-17T10:28:04.946105+00:00,2026-08-17T10:32:19.231552+00:00,254.285447,254.285447
196,agno,978b0f29982c558b12d775a884ebeea1869c16da,2,2,True,2026-08-17T10:40:29.847590+00:00,2026-08-17T10:57:38.799505+00:00,1028.951915,164.32312399999998
197,agno,98c0877ed94c574c7a6eae2f2eb662bfcef1ba87,2,2,True,2026-08-17T10:26:20.334623+00:00,2026-08-17T10:57:05.327602+00:00,1844.992979,164.251544
570,crewai,14579a7861ec02a3c8f497fcc7113eae9341dccf,1,1,True,2026-08-17T10:29:43.235009+00:00,2026-08-17T10:30:41.999057+00:00,58.764048,58.764048
482,axolotl,a55d718a92a401e1e0f9d9ad56a588f5ec072d74,4,3,False,2026-08-17T10:53:43.142799+00:00,2026-08-17T11:26:12.966860+00:00,1949.824061,1272.927679
123,flower,d4593aedbc14dbd885f63009dcb0a4b962a04be6,4,3,False,2026-08-17T10:27:26.431048+00:00,2026-08-17T10:32:36.917545+00:00,310.486497,417.194357
521,browser-use,aa26ac1850194e02a202e7e8001abebb14467a89,3,1,False,2026-08-17T10:24:07.318283+00:00,2026-08-17T10:24:43.333413+00:00,36.01513,36.01513
100,chattts,8c0707ba9879994f0106a79126e917559b0b0bb9,3,1,False,2026-08-17T10:24:38.149605+00:00,2026-08-17T10:28:29.747744+00:00,231.598139,231.598139
416,camel,e9c4ddd5f996b5a4a8b82c05321573de50dbe6a9,1,1,True,2026-08-17T10:32:33.721658+00:00,2026-08-17T10:32:43.240521+00:00,9.518863,9.518863
98,aider,852f8655c69f4704965b19c0bbfadca6777ef23e,1,1,True,2026-08-17T10:23:42.289302+00:00,2026-08-17T10:28:04.969540+00:00,262.680238,262.680238
90,agno,ff5106ea7e8f83cb7a85bbee6f2299ac736ac860,2,2,True,2026-08-17T10:23:31.033632+00:00,2026-08-17T10:27:58.235668+00:00,267.202036,170.785845
382,litellm,bb01eda695bcf0f7d79149c2353ca9cd400cd9ff,1,1,True,2026-08-17T10:25:56.905891+00:00,2026-08-17T10:27:28.352958+00:00,91.447067,91.447067
132,taipy,1559358d5679d353417ef140c1894997b4c7160f,33,1,False,2026-08-17T10:22:37.261352+00:00,2026-08-17T10:23:12.708542+00:00,35.44719,35.44719
139,taipy,bbe7b82b778adbafd56d40bd00bc3aabcd5cb9c9,33,1,False,2026-08-17T10:26:46.299114+00:00,2026-08-17T10:27:22.378244+00:00,36.07913,36.07913
105,flower,424e2bec035589620a6ae25f51d4f389adc3a12e,4,3,False,2026-08-17T10:28:20.191830+00:00,2026-08-17T10:29:51.692716+00:00,91.500886,211.88195100000002
180,agno,6f19da809ef086cec3d81173f2c1b849e81c896d,2,2,True,2026-08-17T10:30:15.099384+00:00,2026-08-17T10:36:42.371174+00:00,387.27179,164.738983
93,aider,4ab8faf21e04489caf1d2f0dfbace03521e90b25,3,1,False,2026-08-17T10:30:50.886982+00:00,2026-08-17T10:34:53.766883+00:00,242.879901,242.879901
525,conan,33e5d459bac7a0bbc907a8e48c36565a9c5b7cc6,5,1,False,2026-08-17T11:46:30.536750+00:00,2026-08-17T11:52:07.873979+00:00,337.337229,337.337229
524,conan,2dc8938083a1e6e99ce7dd4105d32f1c5d7641a5,5,1,False,2026-08-17T11:31:45.507574+00:00,2026-08-17T11:37:20.997093+00:00,335.489519,335.489519
399,litellm,c31ad733519355489ad66f1efba9f208c7eee88a,1,1,True,2026-08-17T10:25:45.771286+00:00,2026-08-17T10:29:54.357336+00:00,248.58605,248.58605
169,agno,3ab735577ed448887a8f1f463c73a611a4ca253e,2,2,True,2026-08-17T10:31:05.700838+00:00,2026-08-17T10:55:03.383089+00:00,1437.682251,163.225402
106,flower,444017d8b29540c809f8a7b6479fcb124f229ab8,4,3,False,2026-08-17T10:22:28.477230+00:00,2026-08-17T10:29:08.735464+00:00,400.258234,445.59578700000003
161,agno,235e19d6998790dd527e8a43710990aef29359b1,2,2,True,2026-08-17T10:30:35.758720+00:00,2026-08-17T10:33:09.104086+00:00,153.345366,162.678507
209,agno,b9a749745c9e91ee446a6ebdda7640d49cac8027,2,2,True,2026-08-17T10:33:05.463364+00:00,2026-08-17T10:35:19.397158+00:00,133.933794,142.932705
113,flower,6aee1d58e8ce6402c48325c8c479dae84596d352,5,3,False,2026-08-17T10:32:41.154558+00:00,2026-08-17T10:54:11.208628+00:00,1290.05407,305.844449
97,aider,82f33c12206d1ab7a19d4b5369a40c3016b255ee,3,1,False,2026-08-17T10:33:32.571123+00:00,2026-08-17T10:38:01.833267+00:00,269.262144,269.262144
195,agno,96cab6eebb5bd0c37a60a93f3e3495fdb08793f9,2,2,True,2026-08-17T10:25:58.769123+00:00,2026-08-17T10:29:44.566227+00:00,225.797104,155.962189
198,agno,9b52669238946cd01f9cc5e99a4b6babf0942cdf,2,2,True,2026-08-17T10:35:24.161306+00:00,2026-08-17T10:37:47.542364+00:00,143.381058,164.934893
401,litellm,c37621bad3137cea12a330066159f5db9644695e,1,1,True,2026-08-17T10:29:18.121046+00:00,2026-08-17T10:30:09.490470+00:00,51.369424,51.369424
125,flower,df0344c9bd80f87fed394e512d67a3138a1d8176,4,3,False,2026-08-17T10:34:33.550347+00:00,2026-08-17T10:52:19.972660+00:00,1066.422313,391.52737
72,agno,c0f40b6ac7f75f8a20f3af07f5277d97188c378f,2,2,True,2026-08-17T10:31:33.057374+00:00,2026-08-17T10:33:49.236483+00:00,136.179109,159.399226
85,agno,f06bfb4ef15132a04a3983b4aa40f2e385ef7c04,2,2,True,2026-08-17T10:31:16.253591+00:00,2026-08-17T10:54:38.040914+00:00,1401.787323,161.832178
200,agno,a19827aa499277f65d5314ace68e2ddee7a25f4c,2,2,True,2026-08-17T10:26:02.948801+00:00,2026-08-17T10:54:24.742417+00:00,1701.793616,151.67919
510,browser-use,8607b72d71832c853bbf49929ff06c4429e99cd9,3,1,False,2026-08-17T10:36:07.253543+00:00,2026-08-17T10:36:40.733866+00:00,33.480323,33.480323
190,agno,82bdfed0cf9ff57528d78ac9ad9f1179c8e117e3,2,2,True,2026-08-17T10:25:16.087803+00:00,2026-08-17T10:32:44.298145+00:00,448.210342,163.64614699999998
185,agno,7d51d48b09bbc5e6311becec1c1a4150fde89b4e,2,2,True,2026-08-17T10:24:48.152204+00:00,2026-08-17T10:37:26.150370+00:00,757.998166,172.214613
129,agno,0309bd9e095b3da3cb01d220541674d3b8e0a803,2,2,True,2026-08-17T10:51:12.051791+00:00,2026-08-17T10:53:38.753623+00:00,146.701832,168.579261
124,flower,da7ae359227a089cedf0b7aba53962766e7eb0b2,4,3,False,2026-08-17T10:53:55.244804+00:00,2026-08-17T11:06:13.733449+00:00,738.488645,937.1172240000001
407,camel,d060bc14f131099c1b8671a3e59a03704f67bb59,1,1,True,2026-08-17T10:31:00.868484+00:00,2026-08-17T10:31:10.143488+00:00,9.275004,9.275004
534,conan,7e7ae9921daa1d1c5c74e8f3f8852333b3cd7c53,5,1,False,2026-08-17T14:54:56.700980+00:00,2026-08-17T14:57:20.692790+00:00,143.99181,143.99181
550,conan,f603530d80641556da3229743731dcf3715c2bca,5,1,False,2026-08-17T14:51:26.501573+00:00,2026-08-17T14:56:16.232830+00:00,289.731257,289.731257
569,crewai,130a7fc1e0a80a2f0f25f03663afd7fe38493e2c,1,1,True,2026-08-17T10:31:46.844379+00:00,2026-08-17T10:32:45.313725+00:00,58.469346,58.469346
81,agno,dc63689a775dcb8f90cac9824149e21c3a868cc1,2,2,True,2026-08-17T10:28:51.453763+00:00,2026-08-17T10:34:23.822502+00:00,332.368739,165.605978
163,agno,31d6eba6f9be2ea8fc3bf80efc498075f6241cb5,2,2,True,2026-08-17T10:33:37.931699+00:00,2026-08-17T10:49:56.404189+00:00,978.47249,168.85920299999998
82,agno,e22825fa77b3e549db08147a90c061e695726fb2,2,2,True,2026-08-17T10:29:49.261950+00:00,2026-08-17T10:37:01.470371+00:00,432.208421,161.31799
107,flower,44cc14aa3f36dbd14049106933dcd12bdb1fead4,4,3,False,2026-08-17T11:09:28.289579+00:00,2026-08-17T11:27:26.183717+00:00,1077.894138,315.186087
208,agno,b71bbb2badf2b10a82cbf28201187592972c377d,2,2,True,2026-08-17T10:33:45.952464+00:00,2026-08-17T10:58:08.981941+00:00,1463.029477,163.843093
571,crewai,148c3bae1aa467fb5a22a91f7fa6e4f434032ba1,1,1,True,2026-08-17T10:27:42.458378+00:00,2026-08-17T10:28:37.224140+00:00,54.765762,54.765762
149,youtube-dl,d178af5ad25dedf29ddb5fe3f71e9634f765bc0e,20,3,False,2026-08-17T14:41:01.418300+00:00,2026-08-17T14:58:55.972461+00:00,1074.554161,343.026792
380,litellm,b9f8134e8fde8560545d73ff924ed9ed7e490ef9,1,1,True,2026-08-17T10:31:14.751115+00:00,2026-08-17T10:34:36.953302+00:00,202.202187,202.202187
411,camel,d31c3cbffdc728c53feae391e36e9e67248d0928,1,1,True,2026-08-17T10:33:53.200463+00:00,2026-08-17T10:34:29.495531+00:00,36.295068,36.295068
206,agno,aef89d7979ff37db1e5e5a75265767e0c460b0ba,2,2,True,2026-08-17T10:31:53.606052+00:00,2026-08-17T10:34:15.780438+00:00,142.174386,165.66361
140,taipy,c9766a5e3d0c982cd148a391e63fb0f7c386b17e,33,1,False,2026-08-17T10:53:28.853532+00:00,2026-08-17T10:54:04.176232+00:00,35.3227,35.3227
472,axolotl,91a466d66855d3123a7fc03f9685de730f724895,4,1,False,2026-08-17T11:02:36.428474+00:00,2026-08-17T11:04:28.660377+00:00,112.231903,112.231903
87,agno,f6f8da08fb440f8856510d0837876c41eb182dfc,2,2,True,2026-08-17T10:51:24.075685+00:00,2026-08-17T10:55:25.895689+00:00,241.820004,168.945259
530,conan,57bfb66d105860c5dea08607c140d7ae7abf848d,5,1,False,2026-08-17T14:44:30.308966+00:00,2026-08-17T14:50:01.688969+00:00,331.380003,331.380003
408,camel,d172aa270f1f8e46342a6f6944df7765e363460b,1,1,True,2026-08-17T11:02:56.933652+00:00,2026-08-17T11:03:06.538419+00:00,9.604767,9.604767
177,agno,69a56c3a1a48f96da4e8c6f71b19dfd71f3f2b8c,2,2,True,2026-08-17T10:38:03.831461+00:00,2026-08-17T10:40:28.050098+00:00,144.218637,164.431915
481,axolotl,a04519a24a8f6e554b6df68099118c350223953a,1,1,True,2026-08-17T10:49:50.478529+00:00,2026-08-17T10:51:45.150205+00:00,114.671676,114.671676
476,axolotl,99d0e8fb13e8389c1c8ea51be1193f674aa47034,1,1,True,2026-08-17T10:29:13.346917+00:00,2026-08-17T10:31:04.807700+00:00,111.460783,111.460783
444,aws-cli,2d3846f9b793ef4830755e953779cbd4f5d7680c,18,18,True,2026-08-17T10:24:14.566392+00:00,2026-08-17T11:26:20.330794+00:00,3725.764402,8567.749905
143,aws-cli,076846e0a5144086c33090675a893d97305c8d52,2,2,True,2026-08-17T10:38:44.366090+00:00,2026-08-17T11:06:30.695819+00:00,1666.329729,1511.7968569999998
117,flower,a6517d5fc23bbb6be3424924264025b961df3fe2,4,3,False,2026-08-17T11:37:42.797920+00:00,2026-08-17T11:40:29.279434+00:00,166.481514,385.130262
178,agno,6ad4e8d6bb1ea167fa88d68f5396968b713dd7ba,2,2,True,2026-08-17T10:32:48.244436+00:00,2026-08-17T10:40:09.001738+00:00,440.757302,176.475426
120,flower,b2a09db583937f76160cef9629dc7d172b86dbed,4,3,False,2026-08-17T12:00:03.794963+00:00,2026-08-17T12:03:33.702194+00:00,209.907231,202.338719
188,agno,7f4d750eaf81c6f8384ed8246180c29bb45ea7bf,2,2,True,2026-08-17T10:55:41.477018+00:00,2026-08-17T10:59:40.545073+00:00,239.068055,180.018366
572,crewai,166bfec208af6891791f6eb63f13d346b460b0a6,1,1,True,2026-08-17T10:47:04.815787+00:00,2026-08-17T10:48:04.620838+00:00,59.805051,59.805051
160,agno,233c76da6b91def1e9d09a3fe170578c0bded0aa,2,2,True,2026-08-17T10:52:23.716085+00:00,2026-08-17T10:55:12.156873+00:00,168.440788,177.506155
546,conan,dcba90e30c60bdb723989d610211052f9034bdc8,5,1,False,2026-08-17T15:05:46.062669+00:00,2026-08-17T15:10:55.420367+00:00,309.357698,309.357698
133,taipy,166f99e7023eb1ab623926aa8ce743e7fb2a6d50,33,1,False,2026-08-17T10:59:46.197618+00:00,2026-08-17T11:00:22.289535+00:00,36.091917,36.091917
71,agno,bd46af653e25571f377664c7b7e9228ae8b28e96,2,2,True,2026-08-17T10:40:35.276324+00:00,2026-08-17T11:04:02.176983+00:00,1406.900659,166.975989
164,agno,33ed019c7f623b9fb89b1430b38c7e7a7aefa57c,2,2,True,2026-08-17T11:10:11.345288+00:00,2026-08-17T11:15:06.692286+00:00,295.346998,180.924029
471,axolotl,8fd7325232883e144ae2afda75f0ae100f30fd20,1,1,True,2026-08-17T10:34:53.139887+00:00,2026-08-17T10:36:45.134516+00:00,111.994629,111.994629
172,agno,55c8c01643e65d53cf29664e5d5dc6d7307272d6,2,2,True,2026-08-17T10:35:29.403237+00:00,2026-08-17T10:53:21.138552+00:00,1071.735315,177.226222
467,axolotl,7f12bde31f3a8dbc2e465756b7a4629e9d0ae884,1,1,True,2026-08-17T11:15:55.161191+00:00,2026-08-17T11:17:29.544296+00:00,94.383105,94.383105
171,agno,557f5305cd8dc547495ea9bbfec35bee632b63be,2,2,True,2026-08-17T11:03:11.721870+00:00,2026-08-17T11:12:21.104214+00:00,549.382344,202.770104
404,litellm,c433503f211cd2a10654a4f4c92851bedac3a82d,1,1,True,2026-08-17T10:35:11.169696+00:00,2026-08-17T10:36:42.198639+00:00,91.028943,91.028943
158,agno,1d0fff71ae9ea258fad3d54257be9ca9b3eb499e,2,2,True,2026-08-17T10:55:58.646869+00:00,2026-08-17T11:02:48.777190+00:00,410.130321,170.670404
135,taipy,668b6127c95ae34b03f404321b94337c846166d2,33,1,False,2026-08-17T10:51:03.902888+00:00,2026-08-17T10:51:42.143457+00:00,38.240569,38.240569
497,browser-use,5da261310ba61373d9546eaa6a817049ca75b9c5,3,2,False,2026-08-17T10:40:57.608688+00:00,2026-08-17T11:05:14.821227+00:00,1457.212539,48.350845
165,agno,344c0994f4fce22a64ad9c57270679e51b8e66e6,2,2,True,2026-08-17T11:17:34.444731+00:00,2026-08-17T11:20:45.314505+00:00,190.869774,83.809489
101,chattts,e999cb700a84f2d25b71be17cbe17fa9832b2950,3,1,False,2026-08-17T10:55:10.666771+00:00,2026-08-17T10:57:39.438367+00:00,148.771596,148.771596
192,agno,8474427eeab92e28766b8051d92e6b46379581e9,2,2,True,2026-08-17T10:55:20.393313+00:00,2026-08-17T11:02:02.673028+00:00,402.279715,88.20466400000001
119,flower,af6a0b457a537777e1e18111b49dbe9abfffb2cd,4,3,False,2026-08-17T12:05:01.759648+00:00,2026-08-17T12:10:41.621863+00:00,339.862215,238.669667
84,agno,ede117552a48bee7f674fbfab87d9586f2fabe19,2,2,True,2026-08-17T10:51:46.710197+00:00,2026-08-17T11:21:57.510941+00:00,1810.800744,72.208193
405,litellm,c4ad9dac070fb520b3e6d5a68fa9822a9620b311,1,1,True,2026-08-17T10:57:59.133061+00:00,2026-08-17T10:58:53.095438+00:00,53.962377,53.962377
96,aider,803a8db60cb2ce21c0e3b0ed2b773d2ecc5142bd,3,1,False,2026-08-27T01:02:22.879161+00:00,2026-08-27T01:07:21.851306+00:00,298.972145,298.972145
176,agno,6865351833c002710b5e861a4ff6bc05b74afd4b,2,2,True,2026-08-17T11:02:09.841111+00:00,2026-08-17T11:12:59.788992+00:00,649.947881,83.517456
168,agno,3a9a0b4124d28c2f4735ffad30b83bf4b1c82477,2,2,True,2026-08-17T10:51:57.412202+00:00,2026-08-17T10:59:33.728324+00:00,456.316122,87.62051600000001
137,taipy,7c228365e8de18c41dfe96d6035bc7c528663f2b,33,1,False,2026-08-17T11:19:05.179921+00:00,2026-08-17T11:19:45.506123+00:00,40.326202,40.326202
83,agno,e36b14dc3ee04beb3f0d8c2b89252eb864ea5c1a,2,2,True,2026-08-17T10:52:34.953247+00:00,2026-08-17T10:57:52.857580+00:00,317.904333,89.430962
201,agno,a4f765fa10f5588775b757a3b3bafb3194f8ac86,2,2,True,2026-08-17T11:16:18.310268+00:00,2026-08-17T11:19:49.623379+00:00,211.313111,87.97405799999999
506,browser-use,80fe937279863ecf49a66640859a9d9dd17ec23b,3,2,False,2026-08-17T11:04:07.857408+00:00,2026-08-17T11:09:24.789881+00:00,316.932473,47.161335
91,agno,ff8929ce168fb87cf50f6a52e4cc3b12b8fd5e2e,2,2,True,2026-08-17T10:54:31.722013+00:00,2026-08-17T11:02:02.641292+00:00,450.919279,87.644676
162,agno,3045ad82fb7ebc1182bf5d0a1d64713bec621512,2,2,True,2026-08-17T10:53:33.733912+00:00,2026-08-17T11:05:04.987711+00:00,691.253799,85.224316
170,agno,4b5113e905468a8710137ff717685e5728e9cadf,2,2,True,2026-08-17T11:02:19.273981+00:00,2026-08-17T11:07:24.500603+00:00,305.226622,90.45681400000001
477,axolotl,9cb48ac877ae303717dfd7b7f2566141d6f77ba1,1,1,True,2026-08-17T11:04:03.761742+00:00,2026-08-17T11:05:58.729760+00:00,114.968018,114.968018
86,agno,f2436c62292765f014a0dd30a013035abd13c33f,2,2,True,2026-08-17T10:54:10.531570+00:00,2026-08-17T11:01:50.997424+00:00,460.465854,90.679105
452,axolotl,35bcc1e64e7a71cdf06972952cdcebe52cc6a6e9,1,1,True,2026-08-17T11:27:59.154215+00:00,2026-08-17T11:29:54.479992+00:00,115.325777,115.325777
542,conan,b96e8f58cf2f208b16f7441b01158c46860514dd,5,1,False,2026-08-17T14:58:14.898623+00:00,2026-08-17T15:00:57.674263+00:00,162.77564,162.77564
204,agno,acdbed3f7aacf32067b3353d653825efd06caeac,2,2,True,2026-08-17T11:15:43.891936+00:00,2026-08-17T11:23:30.181465+00:00,466.289529,125.693016
509,browser-use,851f22cb8db8b8a426589f405dc91b75efbe234c,3,2,False,2026-08-27T01:02:27.408230+00:00,2026-08-27T01:03:02.070646+00:00,34.662416,49.884748
397,litellm,c1ea39ffad1daa6e847ae4dc6811aff7e82ed8b5,1,1,True,2026-08-17T11:02:14.469593+00:00,2026-08-17T11:03:58.864686+00:00,104.395093,104.395093
403,litellm,c413feb604bbcf548863094deafc71c8074493af,1,1,True,2026-08-17T11:00:30.013479+00:00,2026-08-17T11:01:21.208073+00:00,51.194594,51.194594
109,flower,5f98672f68c7f4acdf3e6f68fd79e66b56d0b529,5,3,False,2026-08-17T14:46:25.236691+00:00,2026-08-17T14:49:18.551360+00:00,173.314669,242.23713500000002
92,aider,48376e59c2d51260b1c6d2a14dcf58ab5066f88e,3,1,False,2026-08-17T10:52:20.941111+00:00,2026-08-17T10:57:55.177109+00:00,334.235998,334.235998
522,browser-use,ab9c7f77e0f9f30dc850a0e808f8eacace0a4b2b,3,2,False,2026-08-17T11:08:54.909169+00:00,2026-08-17T11:24:35.393173+00:00,940.484004,73.167943
383,litellm,bbe646cb38f74b164402f9eac9ee486176f22b8d,1,1,True,2026-08-17T11:06:44.448530+00:00,2026-08-17T11:09:14.660614+00:00,150.212084,150.212084
450,axolotl,256be889efa8d1760e21d71fb905529969c16015,1,1,True,2026-08-17T11:02:53.810750+00:00,2026-08-17T11:04:53.580250+00:00,119.7695,119.7695
549,conan,eb4acbc53a79e2747c5c1e33875be3e8d1acf943,5,1,False,2026-08-17T14:57:14.365538+00:00,2026-08-17T14:59:49.927804+00:00,155.562266,155.562266
74,agno,c434e89bee35d93f4e741c32dc36c5a9a68404df,2,2,True,2026-08-17T11:24:00.995104+00:00,2026-08-17T11:36:15.657883+00:00,734.662779,119.041174
468,axolotl,899c6bc86d519a4555149ab953e9c911d62de054,4,1,False,2026-08-17T11:12:20.449405+00:00,2026-08-17T11:14:18.734610+00:00,118.285205,118.285205
574,crewai,18ec9967ccaf892188f1d7275dc36ec6b1b0e06e,3,1,False,2026-08-17T11:03:40.720983+00:00,2026-08-17T11:04:28.347085+00:00,47.626102,47.626102
138,taipy,92f010054982b709ab300f53b9a8bd407ab51e3f,33,1,False,2026-08-17T11:06:00.724761+00:00,2026-08-17T11:06:46.035785+00:00,45.311024,45.311024
128,flower,f539ef9be2b510a9bef42e224e7c601f5965bcda,4,3,False,2026-08-17T14:49:58.272757+00:00,2026-08-17T14:57:45.095550+00:00,466.822793,237.81098500000002
108,flower,44eb41928c49ec0438728ea76283495461dc2e19,4,3,False,2026-08-17T14:50:03.551831+00:00,2026-08-17T14:54:28.434086+00:00,264.882255,251.764726
445,axolotl,02237e2a7e177390256eef0d1beb3a0a8c942acc,1,1,True,2026-08-17T10:58:22.144538+00:00,2026-08-17T11:00:24.192122+00:00,122.047584,122.047584
486,axolotl,b5b9507e0e063bd08038c29b13d10a09e66a198d,1,1,True,2026-08-17T11:24:08.861932+00:00,2026-08-17T11:26:01.023412+00:00,112.16148,112.16148
514,browser-use,9c2fddfc969337f28739a65dcbed6d3ca0e65d6e,3,1,False,2026-08-17T11:36:37.972773+00:00,2026-08-17T11:37:19.235867+00:00,41.263094,41.263094
194,agno,8c8e822266755d103faa9166aaa4ab3f2aa3e578,2,2,True,2026-08-17T11:11:48.072959+00:00,2026-08-17T11:22:35.714057+00:00,647.641098,131.013839
142,taipy,e56badcacbfa6003c45430e8b618073519844b07,30,21,False,2026-08-17T14:53:02.872409+00:00,2026-08-17T15:38:53.991959+00:00,2751.11955,4124.08364
454,axolotl,439519c9d5848fa03b3a62bd7a95c59ebd5b3914,1,1,True,2026-08-17T11:06:51.692316+00:00,2026-08-17T11:08:50.518544+00:00,118.826228,118.826228
451,axolotl,2e7fac1fa5dc8fc049721d23698810c2d2518adf,1,1,True,2026-08-17T11:12:28.190549+00:00,2026-08-17T11:14:19.714971+00:00,111.524422,111.524422
167,agno,39d992d415c335b61f670c31a68c0edc578e5062,2,2,True,2026-08-17T11:05:10.868468+00:00,2026-08-17T11:25:23.122498+00:00,1212.25403,122.810773
460,axolotl,734baee3ea9e591888c79c1976e36c460da45528,1,1,True,2026-08-17T11:00:59.867293+00:00,2026-08-17T11:02:52.685608+00:00,112.818315,112.818315
157,agno,1c533e0065df6fa2c1c75c23125cdc5e8c12ce3c,2,2,True,2026-08-17T11:14:22.699077+00:00,2026-08-17T11:22:58.261812+00:00,515.562735,125.712175
179,agno,6e5f3fc6534025b5711d84f144d3071f1ff403d2,2,2,True,2026-08-17T11:05:14.524479+00:00,2026-08-17T11:16:58.764814+00:00,704.240335,129.800793
80,agno,dc07b7a4e5314d29edb7e9c30d36e12a6dec3dd7,2,2,True,2026-08-17T11:19:54.415718+00:00,2026-08-17T11:28:44.327652+00:00,529.911934,116.952223
175,agno,67b1780b01f5d7461dc9b3d189d25acecbdb171d,2,2,True,2026-08-17T11:04:47.017212+00:00,2026-08-17T11:37:13.531226+00:00,1946.514014,119.343919
543,conan,c55db1c25856c6c854c8557c45670aaaee4251a0,5,1,False,2026-08-17T15:03:24.307877+00:00,2026-08-17T15:03:45.123239+00:00,20.815362,20.815362
207,agno,b55b03d12d1c33d6fb57e3c36aad243bb089b41c,2,2,True,2026-08-17T11:01:31.922260+00:00,2026-08-17T11:21:25.813521+00:00,1193.891261,120.11482899999999
457,axolotl,4b5b93503e92fd894093b0ddf456abb6ac1a98d3,4,1,False,2026-08-17T11:26:50.473536+00:00,2026-08-17T11:28:17.191445+00:00,86.717909,86.717909
498,browser-use,5e1a5d6eae3111d8ff7e97e4283e42cee2ef467a,3,2,False,2026-08-17T11:36:36.114483+00:00,2026-08-17T11:54:28.742106+00:00,1072.627623,46.467791000000005
474,axolotl,92c4ad86527a2bae4c7d10f2304f57c7d3d1f531,1,1,True,2026-08-17T11:26:28.489378+00:00,2026-08-17T11:28:03.271199+00:00,94.781821,94.781821
406,litellm,c4b91c30a2238a1f3399143e846f1b814b7ae6e2,1,1,True,2026-08-17T11:21:30.045053+00:00,2026-08-17T11:24:04.655392+00:00,154.610339,154.610339
153,agno,16c6139ab089f3cd774175cc7a5bc2e0cbd52699,2,2,True,2026-08-17T11:04:34.929872+00:00,2026-08-17T11:06:20.563517+00:00,105.633645,128.57153399999999
475,axolotl,9388a2af668cc9def219ceca43c66a649bdc69d0,7,6,False,2026-08-17T11:23:23.853216+00:00,2026-08-17T11:49:50.541136+00:00,1586.68792,3017.234235
470,axolotl,8f6f89ef939a8a2f5800f1b8e1bff2263fa88b41,1,1,True,2026-08-17T11:26:57.400835+00:00,2026-08-17T11:28:16.883258+00:00,79.482423,79.482423
394,litellm,c0e7057231ad7ef5d5f90be470a100647ff9d4fb,1,1,True,2026-08-17T11:02:49.935114+00:00,2026-08-17T11:03:44.939406+00:00,55.004292,55.004292
526,conan,44cf736f9ad32392d86c990b2c3140d0ef359fd2,5,1,False,2026-08-17T15:11:16.313154+00:00,2026-08-17T15:16:37.007448+00:00,320.694294,320.694294
141,taipy,e5031012aded0867f1d3677586c7851da537bd82,33,1,False,2026-08-17T11:09:28.482489+00:00,2026-08-17T11:10:06.943289+00:00,38.4608,38.4608
121,flower,c3a3944a6d50067aa5937e22e97eac0a64631f47,4,3,False,2026-08-17T14:48:13.836630+00:00,2026-08-17T14:55:35.260726+00:00,441.424096,875.558982
491,axolotl,c46ca36c8e3d00d736d38f01c0f716cd2cade957,4,1,False,2026-08-17T11:26:23.708138+00:00,2026-08-17T11:27:54.619071+00:00,90.910933,90.910933
421,camel,f4ed7a6f985ea8135f1cb2b2b01bd794a7f45520,1,1,True,2026-08-17T11:04:52.678381+00:00,2026-08-17T11:05:05.326784+00:00,12.648403,12.648403
110,flower,63b90b943bab2b7897e968fcea280f6a8ecc229b,4,3,False,2026-08-17T14:51:42.720148+00:00,2026-08-17T14:56:59.984727+00:00,317.264579,228.534175
493,axolotl,e693b7399ee5911784f4ac4defb28baf9587f984,4,1,False,2026-08-17T11:58:22.694108+00:00,2026-08-17T11:59:58.082372+00:00,95.388264,95.388264
118,flower,a7a139ca8f5d0acdebb205d469166fbe034c2372,4,3,False,2026-08-17T14:41:27.194053+00:00,2026-08-17T15:02:10.805467+00:00,1243.611414,333.12535
409,camel,d1d58073979cfb6eb10b25f18aa061b137c20c3a,1,1,True,2026-08-17T11:26:37.111646+00:00,2026-08-17T11:26:48.248800+00:00,11.137154,11.137154
203,agno,ac2b8825370e010e3875415296d16506d231bb90,2,2,True,2026-08-17T11:12:51.666210+00:00,2026-08-17T11:14:52.032447+00:00,120.366237,129.610648
134,taipy,23546b560fa453bd3fb05e7b8661bf77f77fb1a6,30,20,False,2026-08-17T15:00:23.413583+00:00,2026-08-17T15:57:03.394956+00:00,3399.981373,2165.313661
126,flower,ed13d89504c50a1b3f5d9757b74c7aaf38356150,5,3,False,2026-08-17T14:50:58.429291+00:00,2026-08-17T14:56:25.098499+00:00,326.669208,396.177934
388,litellm,bee41c19610cd35c5663e176e0fe1459e6bd80f3,1,1,True,2026-08-17T11:18:15.387727+00:00,2026-08-17T11:19:44.930439+00:00,89.542712,89.542712
464,axolotl,770f97a0a0b3f9c8a1e7f4b55ad99376197e28f2,1,1,True,2026-08-17T11:21:00.954187+00:00,2026-08-17T11:22:53.207108+00:00,112.252921,112.252921
536,conan,9dba1fe9efb5435e5e0ad9c9038752d4991343b7,5,1,False,2026-08-17T15:03:49.926182+00:00,2026-08-17T15:09:31.557002+00:00,341.63082,341.63082
95,aider,73f1acb9539c928be57de3ecb4e9d2b49da62d9f,1,1,True,2026-08-17T11:22:15.529767+00:00,2026-08-17T11:28:13.882542+00:00,358.352775,358.352775
392,litellm,c058e355b7652337c512f4cad727cc391e641b63,1,1,True,2026-08-17T11:14:56.928692+00:00,2026-08-17T11:15:37.897420+00:00,40.968728,40.968728
73,agno,c27ea5332c1d979ad2fc0c2b09ff571c9538f423,2,2,True,2026-08-17T11:19:35.824918+00:00,2026-08-17T11:28:43.286185+00:00,547.461267,120.147246
390,litellm,c0170b76dce30f86ad587eb32a2e030d8c715480,1,1,True,2026-08-17T11:22:40.632571+00:00,2026-08-17T11:23:31.346346+00:00,50.713775,50.713775
559,cowrie,7c11d60d46f01ad42384ed940d924a3196b8595f,6,1,False,2026-08-17T11:48:42.677490+00:00,2026-08-17T11:56:11.615139+00:00,448.937649,448.937649
159,agno,1da36493c0905f61ee6fa58ebf792f993d3579dc,2,2,True,2026-08-17T11:15:39.708923+00:00,2026-08-17T11:22:10.847676+00:00,391.138753,108.691249
566,crewai,0ca45f6bc5636846b3aeaf10321cb07218bc23f3,4,1,False,2026-08-17T11:37:22.368912+00:00,2026-08-17T11:41:43.173230+00:00,260.804318,260.804318
456,axolotl,4a8ff81c3d4fa26b03a0268deb02d584d6e851ec,1,1,True,2026-08-17T11:36:11.833280+00:00,2026-08-17T11:37:39.806146+00:00,87.972866,87.972866
448,axolotl,0b595dbf31b9d086f29791e2cc8c24c8f3851be1,1,1,True,2026-08-17T11:22:55.829781+00:00,2026-08-17T11:24:56.513828+00:00,120.684047,120.684047
70,albumentations,7431ad26a48d20a2850fe0ab242636d708727521,5,3,False,2026-08-17T10:31:09.905413+00:00,2026-08-17T12:01:45.395124+00:00,5435.489711,76.149957
199,agno,9ebc254bb14ed052a0ac459d8c109ae8e0c12233,2,2,True,2026-08-17T11:13:05.552339+00:00,2026-08-17T11:42:10.709975+00:00,1745.157636,123.74168900000001
573,crewai,189b3bfbf49628da389450b64d98d2be2f45f8d9,4,1,False,2026-08-17T11:17:04.665944+00:00,2026-08-17T11:18:59.213241+00:00,114.547297,114.547297
540,conan,b41c3a617f8b67bd12b40558e6ce45fcfe18be16,5,1,False,2026-08-17T15:00:27.722275+00:00,2026-08-17T15:05:40.991456+00:00,313.269181,313.269181
532,conan,6bc48372692f87d88299e38e4f000bec2b5f88c8,5,1,False,2026-08-17T14:58:33.504193+00:00,2026-08-17T14:58:56.789037+00:00,23.284844,23.284844
112,flower,6aec23d104a077af68fbcf236630ed69d6d965ac,4,3,False,2026-08-17T14:56:35.365584+00:00,2026-08-17T15:00:41.689090+00:00,246.323506,223.703887
145,aws-cli,4a32a9357914d448b98bb5823f454902b92368e6,3,2,False,2026-08-17T11:22:03.116915+00:00,2026-08-17T11:38:33.850626+00:00,990.733711,89.369352
562,crewai,06e2683fd889129c12e6bd818a3b4a5bd880444a,1,1,True,2026-08-17T11:36:59.233960+00:00,2026-08-17T11:37:54.433142+00:00,55.199182,55.199182
446,axolotl,083b48256813564d301995020b838bfaf6055d79,1,1,True,2026-08-17T11:34:36.716706+00:00,2026-08-17T11:36:07.972852+00:00,91.256146,91.256146
94,aider,5548acee0b31576cae313185aa3c859f88818939,3,1,False,2026-08-17T11:28:23.689354+00:00,2026-08-17T11:34:27.579001+00:00,363.889647,363.889647
103,flower,1366645090f139b99f4606faf8cb1f054330213e,4,3,False,2026-08-17T14:51:10.081317+00:00,2026-08-17T15:07:30.723031+00:00,980.641714,321.473821
420,camel,f37e7e5966a4009e72e674100657575a9cb04b06,1,1,True,2026-08-17T11:18:37.814941+00:00,2026-08-17T11:18:46.628148+00:00,8.813207,8.813207
173,agno,5f24cca27fe01045314ee6ddb7619e164ada0c91,2,2,True,2026-08-17T11:28:47.529163+00:00,2026-08-17T11:42:42.401223+00:00,834.87206,123.89380700000001
501,browser-use,6e17756e76d2a4c471575a5e5ff660d2058352f7,3,3,True,2026-08-17T11:26:39.918508+00:00,2026-08-17T11:39:08.334307+00:00,748.415799,22.660861
531,conan,6bba89ef571ce4e6cc51725bb6f64080153e0f0a,5,1,False,2026-08-17T15:13:26.963406+00:00,2026-08-17T15:16:17.960204+00:00,170.996798,170.996798
151,agno,09c3a7624b042f0af173fb95362fbefbb3d32522,2,2,True,2026-08-17T11:38:13.977763+00:00,2026-08-17T11:45:31.962861+00:00,437.985098,128.875247
568,crewai,10a55bd2102c1f482ef8f7a0d6efd2f3776d3cf2,1,1,True,2026-08-17T11:25:13.110819+00:00,2026-08-17T11:26:22.305850+00:00,69.195031,69.195031
513,browser-use,9bb69bd3d47cee279dd2a63d65476ad37d0398dd,3,1,False,2026-08-17T11:25:36.971304+00:00,2026-08-17T11:26:19.377158+00:00,42.405854,42.405854
396,litellm,c18a9ef7091afb77bfdcc44b11809cd8c9274652,1,1,True,2026-08-17T11:24:53.131721+00:00,2026-08-17T11:33:12.916882+00:00,499.785161,499.785161
496,browser-use,58c3b25cfd4d29bb38d95f411068b5bbf1b65fed,3,1,False,2026-08-17T11:46:04.151550+00:00,2026-08-17T11:46:44.088755+00:00,39.937205,39.937205
502,browser-use,76dde6d520faf6beef94f3522da08d2fd6d0d372,3,1,False,2026-08-17T11:52:13.922008+00:00,2026-08-17T11:52:52.714930+00:00,38.792922,38.792922
69,aider,d85078a610cbad69e8561060229aa8f35b4e1163,3,1,False,2026-08-17T11:39:25.185511+00:00,2026-08-17T11:42:27.735680+00:00,182.550169,182.550169
131,stable-diffusion-webui,6b71b0ed836b8c61f092e369e77501911dc9d5f3,2,1,False,2026-08-17T11:23:34.744500+00:00,2026-08-17T11:23:40.839172+00:00,6.094672,6.094672
519,browser-use,a6fe43891c18bd852285700abf2b9f32c9c44441,3,1,False,2026-08-17T11:27:26.698189+00:00,2026-08-17T11:28:08.753428+00:00,42.055239,42.055239
545,conan,c6e622ac4765055bd95f5358a6f19ed3970da9b4,5,1,False,2026-08-17T15:11:07.114118+00:00,2026-08-17T15:16:26.241838+00:00,319.12772,319.12772
152,agno,110e09997f8a22a617e261dec9e301129bbead65,2,2,True,2026-08-17T12:04:37.409481+00:00,2026-08-17T12:07:01.003819+00:00,143.594338,126.63355999999999
419,camel,f35834221f9415921e1e7f49ecd2db4fb92e1daf,1,1,True,2026-08-17T11:36:05.290711+00:00,2026-08-17T11:37:05.757561+00:00,60.46685,60.46685
146,aws-cli,6daeaefa76ab8bfe9a6212b1e4263743079149ce,3,3,True,2026-08-17T11:36:47.449291+00:00,2026-08-17T12:12:33.412504+00:00,2145.963213,2500.331122
417,camel,ec5fbc16becebb97e5635f2522fcdad3e2340023,1,1,True,2026-08-17T11:26:04.707838+00:00,2026-08-17T11:26:52.718253+00:00,48.010415,48.010415
544,conan,c69fd6009fd8b027305163e7e4200f6ad67af95a,5,1,False,2026-08-17T15:02:36.962189+00:00,2026-08-17T15:07:51.074362+00:00,314.112173,314.112173
89,agno,fb10c6e8e2f7ca6d855f8cfeda8bae8f4a644e7c,2,2,True,2026-08-17T11:41:46.027932+00:00,2026-08-17T11:50:07.758852+00:00,501.73092,134.746686
386,litellm,be303e1d1fbff72f804da366b171ac94b4286acc,1,1,True,2026-08-17T11:40:35.960822+00:00,2026-08-17T11:45:58.685031+00:00,322.724209,322.724209
515,browser-use,9f1e1bd929f24c15a85450be0835ca82fa187cd2,3,1,False,2026-08-17T11:42:48.628350+00:00,2026-08-17T11:43:12.770649+00:00,24.142299,24.142299
193,agno,84d26c4b6b5881367cdabfc56d29b50389f1ba92,2,2,True,2026-08-17T11:53:52.646586+00:00,2026-08-17T11:58:21.315913+00:00,268.669327,123.580972
499,browser-use,6bdb4d59201c468bf69d4c903e0a9800329857a0,3,1,False,2026-08-17T11:37:26.475661+00:00,2026-08-17T11:37:48.920487+00:00,22.444826,22.444826
449,axolotl,255a10c026e184769fe53a1f8efa331f998b5ee4,1,1,True,2026-08-17T11:34:32.677249+00:00,2026-08-17T11:36:00.587071+00:00,87.909822,87.909822
398,litellm,c2b2c04d2b5fdc5462e0db7eb8847aa85c31b5d9,1,1,True,2026-08-17T12:10:12.099731+00:00,2026-08-17T12:12:07.314705+00:00,115.214974,115.214974
461,axolotl,73be451c05da635aa2828a6c3afb6e924da1ca03,1,1,True,2026-08-17T11:56:17.876538+00:00,2026-08-17T11:58:22.297960+00:00,124.421422,124.421422
564,crewai,0b704756f6d392dc02a8e2ce3dda9d719f128690,1,1,True,2026-08-17T11:26:58.003849+00:00,2026-08-17T11:27:17.764630+00:00,19.760781,19.760781
415,camel,e1dbd83b5eccd0a5435563900d30381bb4d4f27a,1,1,True,2026-08-17T11:45:42.264133+00:00,2026-08-17T11:45:57.950222+00:00,15.686089,15.686089
413,camel,dbe785e7397a3849c329fda9c181e9290ac95a2a,1,1,True,2026-08-17T11:36:32.422422+00:00,2026-08-17T11:36:49.227689+00:00,16.805267,16.805267
465,axolotl,78b289243ec6c116209d27f3de4b11c211f97f91,1,1,True,2026-08-17T11:53:39.070838+00:00,2026-08-17T11:55:12.665934+00:00,93.595096,93.595096
512,browser-use,88c4f3ff124763577043c1741057863ee519f9b2,3,2,False,2026-08-17T11:36:53.231849+00:00,2026-08-17T11:58:24.785240+00:00,1291.553391,65.835648
378,litellm,b80cb885466e25f0de4304f14493d6cff6c7ba20,1,1,True,2026-08-17T11:28:20.656629+00:00,2026-08-17T11:35:41.888063+00:00,441.231434,441.231434
504,browser-use,7b5ea73b4d5ae96d3e764a48f2d123c35e4295d2,3,2,False,2026-08-17T11:55:37.129174+00:00,2026-08-17T12:04:33.389316+00:00,536.260142,57.461449
412,camel,d85d774b0920cc0438fb1f084c93df696fb3f6c8,1,1,True,2026-08-17T11:39:22.974824+00:00,2026-08-17T11:41:24.564947+00:00,121.590123,121.590123
418,camel,ed81322247e526f87264c1f8b8e067307cf4a2e3,1,1,True,2026-08-17T11:41:28.960458+00:00,2026-08-17T11:43:32.776651+00:00,123.816193,123.816193
517,browser-use,a33b26d8520a396ba5dd2de736b63046422ca368,3,2,False,2026-08-17T11:44:58.092933+00:00,2026-08-17T12:00:35.456027+00:00,937.363094,61.699263
563,crewai,09e5a829f92d1f0c9446be6e49553e30d3cdd5a8,1,1,True,2026-08-17T11:45:02.586175+00:00,2026-08-17T11:45:21.441301+00:00,18.855126,18.855126
202,agno,a52d22193b0ad09104ad4afdc6adddffeb5b8894,2,2,True,2026-08-17T11:38:56.044392+00:00,2026-08-17T11:53:45.245803+00:00,889.201411,118.004506
539,conan,af5fcb21859b6be4d60ee75ffdec5ef326932b6d,5,1,False,2026-08-17T15:06:16.043379+00:00,2026-08-17T15:11:26.625692+00:00,310.582313,310.582313
76,agno,d1e88b8766d152d7d4e7911a0072591db1eb4bcd,2,2,True,2026-08-17T11:46:49.801330+00:00,2026-08-17T11:55:13.596613+00:00,503.795283,142.625208
184,agno,7b8834b321a97bc57d7a5ac82680c24aff793b91,2,2,True,2026-08-17T11:36:22.114056+00:00,2026-08-17T11:49:59.145866+00:00,817.03181,127.711238
511,browser-use,87ef1325e80dbb82693c7e59dff4f4f37d68da65,3,2,False,2026-08-17T11:59:11.377740+00:00,2026-08-17T12:08:19.245786+00:00,547.868046,81.031838
462,axolotl,74f293da0a4e2fbf000f41dcf5d004bfe763efd2,1,1,True,2026-08-17T12:00:37.990094+00:00,2026-08-17T12:02:11.372469+00:00,93.382375,93.382375
130,autogluon,00dff2ac803dca7ae44435c5dea311c633926b87,1,1,True,2026-08-17T11:38:39.523365+00:00,2026-08-17T11:38:51.235214+00:00,11.711849,11.711849
518,browser-use,a45d6ed960156b41ffc8168a07719c49655cf40b,3,2,False,2026-08-17T11:40:06.718725+00:00,2026-08-17T11:43:42.754509+00:00,216.035784,82.800228
503,browser-use,79d3e3ca7de6cb8b16e836dfba7d12ffd8e71f42,3,2,False,2026-08-17T11:39:28.349961+00:00,2026-08-17T12:04:07.551334+00:00,1479.201373,79.375524
187,agno,7efb1f09096dd41ea09b30ceb17746686931d1cf,2,2,True,2026-08-17T12:02:34.249259+00:00,2026-08-17T12:14:32.174522+00:00,717.925263,107.89978299999999
174,agno,601a9c6986f1659f3051449238c0c0c5d2ef4124,2,2,True,2026-08-17T11:39:51.894015+00:00,2026-08-17T12:05:57.874979+00:00,1565.980964,128.499831
484,axolotl,ae9efd4a08b946413fb9953a389df6d548068066,1,1,True,2026-08-17T11:39:12.489852+00:00,2026-08-17T11:40:44.992635+00:00,92.502783,92.502783
78,agno,d78ebf9508e112a8d2526ec26bcc37d8e8a2bfa2,2,2,True,2026-08-17T11:53:14.557763+00:00,2026-08-17T12:08:45.460728+00:00,930.902965,139.31223699999998
136,taipy,700c695eea898caaa6fe527ec9957c47e9c3002c,33,1,False,2026-08-17T12:05:13.737997+00:00,2026-08-17T12:05:50.863642+00:00,37.125645,37.125645
548,conan,eb221b759b0e89f3dfbde6689cc49040721998aa,5,1,False,2026-08-17T15:08:03.832218+00:00,2026-08-17T15:13:13.941535+00:00,310.109317,310.109317
483,axolotl,a75910a20e55e34431db5c3d7626c954b4d4f388,1,1,True,2026-08-17T12:03:24.581364+00:00,2026-08-17T12:04:38.084140+00:00,73.502776,73.502776
381,litellm,ba48f0fe90578d842327c4ee49980fc212524cf6,1,1,True,2026-08-17T11:51:38.217849+00:00,2026-08-17T11:57:44.504353+00:00,366.286504,366.286504
480,axolotl,9f86e5eaae5340895bc2ff917672bb3d0b8c8a3c,4,3,False,2026-08-17T12:12:45.294575+00:00,2026-08-17T12:26:31.397598+00:00,826.103023,698.370698
463,axolotl,769e78aa95c081c96ab52c3fb449b6230bb245db,1,1,True,2026-08-17T12:01:49.219109+00:00,2026-08-17T12:03:20.203771+00:00,90.984662,90.984662
478,axolotl,9cf62fab15cce046bb01baf9d0d312ba4da659c3,1,1,True,2026-08-17T12:05:54.384703+00:00,2026-08-17T12:07:28.149225+00:00,93.764522,93.764522
459,axolotl,6af171ff8190efbbd9b72aa19b11564279fd37f2,4,2,False,2026-08-17T11:43:17.186826+00:00,2026-08-17T12:06:36.443417+00:00,1399.256591,171.20118200000002
495,axolotl,f20dec3285bbb18784f228e767f58580cdbc5251,4,3,False,2026-08-17T12:00:03.382531+00:00,2026-08-17T12:25:23.360240+00:00,1519.977709,643.890425
505,browser-use,7d72b013e4ef17166f056cdd94741156d0001114,3,2,False,2026-08-17T12:06:52.191998+00:00,2026-08-17T12:10:47.288368+00:00,235.09637,84.747763
538,conan,9fa5da63d346f105d76d80a88d8f8adeb15dc991,5,1,False,2026-08-17T15:05:45.120447+00:00,2026-08-17T15:11:02.941402+00:00,317.820955,317.820955
455,axolotl,46e4e85039f556a4ddb395d794a161e99045f6ec,1,1,True,2026-08-17T11:46:35.692028+00:00,2026-08-17T11:48:34.592234+00:00,118.900206,118.900206
469,axolotl,8c67faaa0010c3a9195ae073f68410fd60ee3300,1,1,True,2026-08-17T12:07:32.291702+00:00,2026-08-17T12:09:24.253278+00:00,111.961576,111.961576
473,axolotl,926f6108861434b74b89f4836c9ee0f3bd0ebe78,4,2,False,2026-08-17T11:50:11.471792+00:00,2026-08-17T12:04:07.249451+00:00,835.777659,171.211309
144,aws-cli,0e6f97d05d68c3d66d270865c31e9060c5a5b4de,3,3,True,2026-08-17T11:45:30.277902+00:00,2026-08-17T12:17:48.467312+00:00,1938.18941,2933.288409
527,conan,459cfd9a9110080f68d50b9ae3b63fa17b0f2f0c,5,1,False,2026-08-17T15:06:44.774337+00:00,2026-08-17T15:12:05.623620+00:00,320.849283,320.849283
551,conda,22b2dc09d8b433af142e26614c7642a8be87c41d,51,29,False,2026-08-27T01:02:41.834961+00:00,2026-08-27T03:38:59.611716+00:00,9377.776755,69094.393626
523,conan,2bc817d871c542da601633e6ba1db878bd9bb1fc,5,1,False,2026-08-17T15:13:17.968128+00:00,2026-08-17T15:18:09.000820+00:00,291.032692,291.032692
150,agno,073ad2a4332ae2ea545fd18c601fdf2171d150c6,2,2,True,2026-08-17T12:21:18.618190+00:00,2026-08-17T12:27:16.061488+00:00,357.443298,127.354247
490,axolotl,c2b5e0bfc9cbe7e066893953cb5a06851e303a54,4,2,False,2026-08-17T11:55:25.162716+00:00,2026-08-17T12:17:18.729003+00:00,1313.566287,182.120634
453,axolotl,3b35eb6545a900f5944b58e397a7d43329cf2ee2,1,1,True,2026-08-17T12:10:37.316104+00:00,2026-08-17T12:12:15.115068+00:00,97.798964,97.798964
104,flower,14df8e5918cb5d6c4ca62d23b5a1f653a0e92212,4,3,False,2026-08-17T15:01:15.595402+00:00,2026-08-17T15:03:43.836781+00:00,148.241379,252.83902899999998
387,litellm,beb9de2399518898238ae072750ada0050e774cc,1,1,True,2026-08-17T11:59:59.477892+00:00,2026-08-17T12:00:59.045425+00:00,59.567533,59.567533
88,agno,fa597eab63defb9e7e146e73c6ee23fb00f16284,2,2,True,2026-08-17T11:57:41.204945+00:00,2026-08-17T12:10:35.521250+00:00,774.316305,127.73214999999999
111,flower,66718a2530fcc65c0adfa0a6ea380e1978c12ebe,4,3,False,2026-08-17T15:01:44.505112+00:00,2026-08-17T15:10:44.369610+00:00,539.864498,931.604475
154,agno,18f4596992d6c36ccf9da84ae30083ef65878130,2,2,True,2026-08-17T12:04:37.021153+00:00,2026-08-17T12:14:00.588321+00:00,563.567168,120.88810099999999
155,agno,1a41bfdce3fbdd13b1269f0acc04885762c39dd1,2,2,True,2026-08-17T12:13:06.728629+00:00,2026-08-17T12:14:50.482394+00:00,103.753765,128.704056
447,axolotl,091b008384f701eda98979586e9f051aeb6ab7e6,4,3,False,2026-08-17T12:10:52.427296+00:00,2026-08-17T12:51:32.069434+00:00,2439.642138,842.9818730000001
508,browser-use,845e83099b5364b6bede874608bdad62ac318bc9,3,2,False,2026-08-17T12:06:29.677061+00:00,2026-08-17T12:17:57.073938+00:00,687.396877,76.9943
485,axolotl,b3662574643c396d85eacf7b4472ba9f50350d92,4,3,False,2026-08-17T11:58:28.703641+00:00,2026-08-17T12:09:57.837678+00:00,689.134037,262.131732
377,litellm,b75eeee81e1a99e307d41f6d6cb02066a1beca41,1,1,True,2026-08-17T12:06:41.079792+00:00,2026-08-17T12:08:35.811196+00:00,114.731404,114.731404
479,axolotl,9df3e7857276b4804d1fadc0c33b4df0c6e5c254,4,2,False,2026-08-17T12:06:28.213015+00:00,2026-08-17T12:12:10.104113+00:00,341.891098,172.50890199999998
410,camel,d2fc7ed0a8fbbc659c3bc88ed1a352815a3c3e71,1,1,True,2026-08-17T12:00:18.860895+00:00,2026-08-17T12:00:33.328608+00:00,14.467713,14.467713
114,flower,78131a41338361909ae6e81399a5eac2579498bf,5,3,False,2026-08-17T15:03:45.280155+00:00,2026-08-17T15:17:07.302974+00:00,802.022819,851.7971309999999
183,agno,78c5d662bf2145c91356e5185db05a17950b3dc4,2,2,True,2026-08-17T12:11:54.708194+00:00,2026-08-17T12:17:58.488878+00:00,363.780684,132.619549
182,agno,754f4d3afe097bd3d360bb8a186acd95cc2542ea,2,2,True,2026-08-17T12:04:46.184147+00:00,2026-08-17T12:09:43.747538+00:00,297.563391,133.655394
414,camel,e067bbd31dc6889b33989fa6f38609e9e58969a0,1,1,True,2026-08-17T12:10:29.121293+00:00,2026-08-17T12:12:46.175494+00:00,137.054201,137.054201
494,axolotl,ee19007ba4a51af406a9e80d2b1b53ffc7d713a7,6,1,False,2026-08-17T15:20:04.244502+00:00,2026-08-17T15:27:46.161744+00:00,461.917242,461.917242
102,flower,07c55e7c8bee5b60d9d9647d647f89bec137ef4d,4,3,False,2026-08-17T15:13:46.886087+00:00,2026-08-17T15:21:15.632530+00:00,448.746443,242.767154
400,litellm,c33c39fbc60b7b4c253555282f5f50c051086b41,1,1,True,2026-08-17T12:08:01.437270+00:00,2026-08-17T12:23:15.714420+00:00,914.27715,914.27715
156,agno,1a6efefa726610d7ca262beb8e6adf1607829dbb,2,2,True,2026-08-17T12:08:51.245835+00:00,2026-08-17T12:21:27.219949+00:00,755.974114,131.48756
181,agno,6fe4e00e8863c8da28d241cb65632725de6db64b,2,2,True,2026-08-17T12:17:07.021635+00:00,2026-08-17T12:26:49.377816+00:00,582.356181,138.819792
186,agno,7da71b58b1eb9b56ac1b4423afd9da61679a706e,2,2,True,2026-08-17T12:13:59.498683+00:00,2026-08-17T12:21:52.793056+00:00,473.294373,124.716511
547,conan,e48f913f2fc1a1880fe489312efb5a3f19af970b,5,1,False,2026-08-17T15:14:59.831384+00:00,2026-08-17T15:20:39.840884+00:00,340.0095,340.0095
189,agno,82609349d7098fd5ad1c71f0e057f50cd0074404,2,2,True,2026-08-17T12:04:58.154916+00:00,2026-08-17T12:13:36.432158+00:00,518.277242,119.209356
166,agno,37c595ac6f390dbccbcfa20f742faa36f34b194a,2,2,True,2026-08-17T12:11:00.013701+00:00,2026-08-17T12:18:16.955391+00:00,436.94169,132.414507
520,browser-use,a91c98ced7914988b5a263d91b8c476cbeaf34e5,3,2,False,2026-08-17T12:17:16.385783+00:00,2026-08-17T12:19:12.355638+00:00,115.969855,56.486733
458,axolotl,5b325d99df8607748c1c3653cc42730a135bd53d,1,1,True,2026-08-17T12:13:41.856420+00:00,2026-08-17T12:15:26.329065+00:00,104.472645,104.472645
116,flower,a02c53a0eed80e7332e03b39bac351260afde289,5,3,False,2026-08-17T15:03:13.119660+00:00,2026-08-17T15:14:31.454227+00:00,678.334567,268.68142
127,flower,f231d50356ccfb76ed54d27e9fd32dd40e824f28,4,3,False,2026-08-17T15:04:46.683924+00:00,2026-08-17T15:17:03.049681+00:00,736.365757,401.552589
492,axolotl,c5f6c8039c85e1c8c1796ebac91f258f8cb0c860,1,1,True,2026-08-17T12:19:16.417287+00:00,2026-08-17T12:20:47.224243+00:00,90.806956,90.806956
487,axolotl,b5bb4c11018952a0f9f5693ce84dd3df18c644d7,1,1,True,2026-08-17T12:12:27.171863+00:00,2026-08-17T12:13:53.152135+00:00,85.980272,85.980272
205,agno,ae364459a503a2867eeef3ede75f24ad3b5d5839,2,2,True,2026-08-17T12:06:01.222032+00:00,2026-08-17T12:16:54.361073+00:00,653.139041,141.436431
489,axolotl,bfa16fa84a9e18c196dcfdc90c35a2e8ae1e0437,1,1,True,2026-08-17T12:09:17.224845+00:00,2026-08-17T12:10:51.787704+00:00,94.562859,94.562859
391,litellm,c043aa7250bd524fe4a9c80b20ee864b59bf7155,1,1,True,2026-08-17T12:10:57.884222+00:00,2026-08-17T12:13:02.090683+00:00,124.206461,124.206461
191,agno,840ad511b904f43678ec438464deb893fda58c8b,2,2,True,2026-08-17T12:07:08.606967+00:00,2026-08-17T12:12:46.809832+00:00,338.202865,150.716451
77,agno,d340b3a337398d539f38101282d09dd5e9966354,2,2,True,2026-08-17T12:13:32.804081+00:00,2026-08-17T12:19:06.436408+00:00,333.632327,151.585986
147,dask,7751beb21807fa7f206079b8f69bf887ec16a199,12,10,False,2026-08-27T01:02:52.870243+00:00,2026-08-27T02:29:34.669238+00:00,5201.798995,4417.791957
384,litellm,bd65f8074258cddb4e29eb1cc1bce77d1a46883f,1,1,True,2026-08-17T12:11:59.423815+00:00,2026-08-17T12:25:54.075708+00:00,834.651893,834.651893
115,flower,992b9a36ee14ce62ac8639c1ec88ba83e375e525,4,3,False,2026-08-17T15:06:04.638857+00:00,2026-08-17T15:16:05.495107+00:00,600.85625,317.529978
541,conan,b83cb34fc3527b13da672608f375fedf557d6853,5,1,False,2026-08-17T15:17:22.912436+00:00,2026-08-17T15:22:49.714352+00:00,326.801916,326.801916
528,conan,4cb814c27dd37bbf6ccd194f9d6b2c0a2ac0119d,5,1,False,2026-08-17T15:16:50.950424+00:00,2026-08-17T15:22:24.116557+00:00,333.166133,333.166133
537,conan,9dc2989bf314072dcfa5ddc2e481df5fc3132b07,5,1,False,2026-08-17T15:11:15.028199+00:00,2026-08-17T15:17:04.330101+00:00,349.301902,349.301902
560,crewai,033df9f74d897a258ccc62d712bdcf192308be62,1,1,True,2026-08-17T12:23:10.604890+00:00,2026-08-17T12:24:42.976579+00:00,92.371689,92.371689
529,conan,511a9296c9215864baf1a1a7ae843ccfa0efdfd9,5,1,False,2026-08-17T15:09:03.210139+00:00,2026-08-17T15:14:47.277399+00:00,344.06726,344.06726
385,litellm,bdf0e8ccb9f8ba396d78e8154e6ad213cff059a7,1,1,True,2026-08-17T12:15:02.324868+00:00,2026-08-17T12:17:00.326928+00:00,118.00206,118.00206
402,litellm,c3fd06821675215812f41eff838ddfca7a421ba3,1,1,True,2026-08-17T12:26:01.573074+00:00,2026-08-17T12:42:35.381944+00:00,993.80887,993.80887
533,conan,724d69aae2ea31412605bf8687fed1abb3a29ba9,5,1,False,2026-08-17T15:08:58.394915+00:00,2026-08-17T15:12:49.097682+00:00,230.702767,230.702767
488,axolotl,bb1cae1a20dd10bce644319d6fc26b1d51c1d666,4,2,False,2026-08-17T12:22:45.645510+00:00,2026-08-17T12:45:28.442994+00:00,1362.797484,189.695678
393,litellm,c07f0ba427e83c43ad8c7068aafd1b032cfe34c1,1,1,True,2026-08-17T12:11:43.596718+00:00,2026-08-17T12:30:11.400623+00:00,1107.803905,1107.803905
79,agno,da9d2e853bd3c3111d4d8864906975c75f7e9888,2,2,True,2026-08-17T12:18:56.632823+00:00,2026-08-17T12:21:13.524282+00:00,136.891459,144.365565
507,browser-use,82fe739a979a58067738c7f97cbb8444f12277d5,3,2,False,2026-08-17T12:15:32.184086+00:00,2026-08-17T12:17:34.801834+00:00,122.617748,84.680162
389,litellm,c00dcda416ea115343732869949ac3b1d872d755,1,1,True,2026-08-17T12:13:40.005263+00:00,2026-08-17T12:14:53.909730+00:00,73.904467,73.904467
500,browser-use,6ddeb2324ee74fde5f816427b0a2c933e1205d12,3,2,False,2026-08-17T12:17:57.821419+00:00,2026-08-17T12:22:40.360026+00:00,282.538607,79.44014899999999
122,flower,cbb7561e4e0d81a027fbd7ff6482fea13ee17398,4,3,False,2026-08-17T15:07:15.416753+00:00,2026-08-17T15:18:35.566233+00:00,680.14948,316.91416
535,conan,917c6c79402d69402ae4d4229f9a44cb49bf6867,5,1,False,2026-08-17T15:12:54.534089+00:00,2026-08-17T15:18:42.070687+00:00,347.536598,347.536598
226,dspy,0276b7a794ed6215d9da8584791916b37610e3b5,10,2,False,2026-08-17T12:23:20.695113+00:00,2026-08-17T12:29:40.529598+00:00,379.834485,296.338217
249,facefusion,43e32d5cecf8a6946ee3f147500687f17029140f,5,1,False,2026-08-17T10:37:43.874291+00:00,2026-08-17T10:50:57.464909+00:00,793.590618,793.590618
516,browser-use,a0e2fac3caab48e049f40f221414d3dc648c6326,3,2,False,2026-08-17T12:18:26.982554+00:00,2026-08-17T12:21:34.501915+00:00,187.519361,80.52714
466,axolotl,7c3b428f2344da7888dfe3cc87e2ee9cab8d49f6,4,3,False,2026-08-17T12:30:17.182479+00:00,2026-08-17T12:46:06.393533+00:00,949.211054,743.202007
239,facefusion,a206d0817acd2948f4ed3f0af8402a2a368391dc,3,2,False,2026-08-17T12:21:55.799421+00:00,2026-08-17T15:10:37.315516+00:00,10121.516095,12.844843000000001
148,pvlib-python,0cc4b5faec6ff58c1d667b048e5ee7df4ba664a7,11,8,False,2026-08-17T12:38:37.230150+00:00,2026-08-17T13:01:02.412255+00:00,1345.182105,335.425138
235,spotify-downloader,789b7649d036666d8e2e07913e97a1de7a340f8b,1,1,True,2026-08-17T12:23:55.924114+00:00,2026-08-17T12:24:26.676323+00:00,30.752209,30.752209
223,kitty,e6f35571a577e5f0d2e2754871242438de3404de,8,3,False,2026-08-17T12:02:40.277471+00:00,2026-08-17T12:44:24.420881+00:00,2504.14341,334.646826
228,openai-python,b0ad27a67681f1b6fb473cc75c642efa1f4941d5,4,2,False,2026-08-27T01:14:08.489746+00:00,2026-08-27T02:23:55.486014+00:00,4186.996268,79.005221
264,open_clip,eb287cf79c1800a32bf499d4f2e9e579bfa8386c,4,1,False,2026-08-27T01:31:32.659490+00:00,2026-08-27T01:33:17.629412+00:00,104.969922,104.969922
278,deepcode,daad35b9c60770a655eaaea4565bf81f63ae1b38,1,1,True,2026-08-17T12:33:57.800325+00:00,2026-08-17T12:34:13.606168+00:00,15.805843,15.805843
240,openai-python,ed370d805e4d5d1ec14a136f5b2516751277059f,4,1,False,2026-08-17T12:30:50.160563+00:00,2026-08-17T12:31:12.274650+00:00,22.114087,22.114087
279,deepcode,238a409674f147334f43788013fdfa766fd8035c,1,1,True,2026-08-17T12:31:54.133822+00:00,2026-08-17T12:32:10.656146+00:00,16.522324,16.522324
297,beets,1ab3bc774b390a52cf998b70586f980b6684375a,5,2,False,2026-08-17T15:14:21.216248+00:00,2026-08-17T15:17:01.756315+00:00,160.540067,113.490937
286,django-oscar,58de72d97f1b19b44a141fbaa4cdd0411748f6ea,9,3,False,2026-08-27T02:07:52.188474+00:00,2026-08-27T02:27:08.858927+00:00,1156.670453,141.595685
275,sqlglot,16f544dc25d5d61277d32f02e4be18c10d16cf9f,1,1,True,2026-08-17T12:12:23.671031+00:00,2026-08-17T12:13:34.707322+00:00,71.036291,71.036291
256,deepface,3ce60d176f3497dc22d1f831fa1babeca511042c,3,1,False,2026-08-27T01:13:38.592833+00:00,2026-08-27T01:16:19.976692+00:00,161.383859,161.383859
276,sqlglot,2ee00eddc1bebd2fcffc4a026162e00378ebe3ae,1,1,True,2026-08-17T12:28:28.829757+00:00,2026-08-17T12:29:33.685599+00:00,64.855842,64.855842
224,kitty,b94d6dc7134d3bf6b510a164f1b7f02e4610cdbc,8,3,False,2026-08-27T01:24:57.733199+00:00,2026-08-27T02:38:43.084810+00:00,4425.351611,495.352341
236,lightrag,331dcf050910618b9bb5e3028da4597770199f72,1,1,True,2026-08-17T12:38:46.732320+00:00,2026-08-17T12:39:04.511483+00:00,17.779163,17.779163
293,LightRAG,a0593ec1c9613ae8ab78fddd30e47114ded16f00,1,1,True,2026-08-17T12:38:23.532990+00:00,2026-08-17T12:38:41.529727+00:00,17.996737,17.996737
294,LightRAG,60564cf453626802e147b5b929b8b1c6427fb3d8,1,1,True,2026-08-17T12:35:35.034749+00:00,2026-08-17T12:35:51.410779+00:00,16.37603,16.37603
225,kitty,34ae42cf302d34e412ea2c95f6a2058438cc2aac,8,3,False,2026-08-27T01:20:12.311425+00:00,2026-08-27T02:25:01.414328+00:00,3889.102903,419.610061
281,pygithub,9ecbaeeb4d8db618ccdb6cb81f5edf4ba2c8b8de,3,1,False,2026-08-17T12:43:05.076706+00:00,2026-08-17T12:43:27.789179+00:00,22.712473,22.712473
231,celery,5af3fcc465a2dfaebc52f7b3ce7177440b712298,1,1,True,2026-08-17T12:26:34.286997+00:00,2026-08-17T12:27:25.960128+00:00,51.673131,51.673131
277,sqlglot,bddc230cc11627fdbb8bdd98b67489afcad87d98,1,1,True,2026-08-17T12:28:29.896189+00:00,2026-08-17T12:31:16.260179+00:00,166.36399,166.36399
295,agno,d6626e5de246cce87651793060322ff1b3f7e0c0,2,2,True,2026-08-17T12:37:51.479566+00:00,2026-08-17T12:40:27.285030+00:00,155.805464,147.229127
326,tornado,ff15e0ed7276b5aa8e4581769e8e8e7deca1420d,16,1,False,2026-08-17T14:56:22.073955+00:00,2026-08-17T14:57:01.004019+00:00,38.930064,38.930064
274,lm-evaluation-harness,76de63fdc2facad254862b3db7e7f44a1e381cd2,5,1,False,2026-08-17T12:27:30.827677+00:00,2026-08-17T12:28:23.851894+00:00,53.024217,53.024217
324,sqlglot,a7b902770d8b2769920794cf4e2016525e3ea1d9,5,1,False,2026-08-17T12:28:50.491251+00:00,2026-08-17T12:31:11.357371+00:00,140.86612,140.86612
272,lm-evaluation-harness,938a4fb3f5dbe7e6ae75e049ecc5059bd25c14bf,4,1,False,2026-08-17T12:45:03.714455+00:00,2026-08-17T12:45:35.126880+00:00,31.412425,31.412425
366,olmocr,261c722f561e06f100174ebd17e5b1b0aea5c1e2,5,3,False,2026-08-17T12:42:38.585025+00:00,2026-08-17T12:59:04.964815+00:00,986.37979,217.8977
290,modmail,1a5a2bdf66d72b86a7b459bba8842598b867acef,2,1,False,2026-08-17T12:36:54.267952+00:00,2026-08-17T12:37:46.416128+00:00,52.148176,52.148176
273,lm-evaluation-harness,49fc1f68d7b34a8ce47e5bfa8ae52b19222e6528,4,1,False,2026-08-17T12:51:49.271266+00:00,2026-08-17T12:52:18.029664+00:00,28.758398,28.758398
317,pwndbg,647a2972a332e48cf4d97487d7dccb5abbaf1abc,8,7,False,2026-08-17T12:31:18.082192+00:00,2026-08-17T12:40:37.643156+00:00,559.560964,1773.471861
282,pygithub,20a0e348143cc9f47432d087a62ad5c2a4040fe2,3,1,False,2026-08-17T12:54:50.266318+00:00,2026-08-17T12:55:10.845782+00:00,20.579464,20.579464
296,agno,f6adbaa7d295c83c481fbd8ad452eb1883f42a2c,2,2,True,2026-08-17T12:38:50.208895+00:00,2026-08-17T12:42:40.596037+00:00,230.387142,257.108022
310,calibre,c9c582cbef0e49bb73fb65cb83042e2e5eb849b1,5,4,False,2026-08-17T10:41:15.296862+00:00,2026-08-17T12:46:39.719748+00:00,7524.422886,1086.454494
558,cookiecutter,85f0f7ceebed4535aa57f512f7f5e2b132f09142,3,1,False,2026-08-17T12:42:56.501083+00:00,2026-08-17T12:43:14.412883+00:00,17.9118,17.9118
325,sqlglot,5df3ea92f59125955124ea1883b777b489db3042,5,1,False,2026-08-17T12:37:52.858771+00:00,2026-08-17T12:40:46.088361+00:00,173.22959,173.22959
299,dask,5aaeb8cbed2e151ac82976b836a047a964ed5364,12,10,False,2026-08-27T10:37:05.240092+00:00,2026-08-27T11:00:16.833752+00:00,1391.59366,4801.389818
311,calibre,496bc88f08677236887552428dea181ff16e7e46,5,4,False,2026-08-17T12:15:35.142140+00:00,2026-08-17T12:57:21.144904+00:00,2506.002764,998.315702
237,lightrag,b860ffe5103cf9bc6270707dd2a7955f74f7d3fb,1,1,True,2026-08-17T12:42:45.865395+00:00,2026-08-17T12:43:01.507592+00:00,15.642197,15.642197
246,celery,5d1b328545612a301cc57da123bcc7c34b547c4c,1,1,True,2026-08-17T12:42:34.578997+00:00,2026-08-17T12:42:58.660945+00:00,24.081948,24.081948
227,dspy,d2a7890921a901795f0e33404b0d7b2f53836483,10,2,False,2026-08-17T13:18:46.752248+00:00,2026-08-17T14:21:55.319039+00:00,3788.566791,138.432584
280,deepcode,219bc58c7f1bfe425ddc1d628ff5cda9639afc1e,1,1,True,2026-08-17T12:47:17.091054+00:00,2026-08-17T12:47:34.417366+00:00,17.326312,17.326312
260,cosyvoice,b7ec6c4678dec0418367309d4cec8a94da0feff8,2,1,False,2026-08-27T02:11:42.869715+00:00,2026-08-27T02:11:45.581121+00:00,2.711406,2.711406
298,cloud-init,6f27d0e8dbbb74ef34579d283621da82ebf3ba26,7,7,True,2026-08-17T12:46:58.869265+00:00,2026-08-17T13:27:18.679482+00:00,2419.810217,411.445675
229,openai-python,b7c2ddc5e5dedda01015b3d0e14ea6eb68c282d3,4,1,False,2026-08-27T01:50:37.372329+00:00,2026-08-27T01:50:47.012519+00:00,9.64019,9.64019
230,openai-python,03f8b88a0d428b74a7822e678a60d0ef106ea961,4,1,False,2026-08-27T02:22:09.890195+00:00,2026-08-27T02:22:56.794951+00:00,46.904756,46.904756
425,docsgpt,7e2cbdd88c51c352c84499ee1b8e47d9d2169956,1,1,True,2026-08-17T12:54:05.741018+00:00,2026-08-17T12:54:12.281998+00:00,6.54098,6.54098
344,agentscope,c178f4b30cd2b0be4cac506dbeb648c1ec4493cf,6,1,False,2026-08-17T12:18:02.386796+00:00,2026-08-17T12:20:36.253620+00:00,153.866824,153.866824
283,pygithub,6033729f8ed6df96607e43cb8739cd481b895519,3,2,False,2026-08-17T13:05:29.506899+00:00,2026-08-17T13:07:39.465649+00:00,129.95875,47.643944000000005
252,pytorch_geometric,fa6c220839801a0c426c2a6021aba0a990ac6921,3,3,True,2026-08-27T01:07:34.345513+00:00,2026-08-27T02:27:40.383601+00:00,4806.038088,716.671564
253,gpt4free,d0ae94def3067fcac4b81451dc0976074198b212,1,1,True,2026-08-27T01:13:46.068102+00:00,2026-08-27T01:14:03.444641+00:00,17.376539,17.376539
238,lightrag,5f349d507ced55bbb24469127b0eb9ac571f023c,1,1,True,2026-08-17T12:46:52.966532+00:00,2026-08-17T12:47:12.924437+00:00,19.957905,19.957905
312,calibre,5fd445c656b537125771608dac8823bded23f826,5,4,False,2026-08-17T12:18:02.559368+00:00,2026-08-17T13:00:05.531220+00:00,2522.971852,1174.212459
374,aisuite,ceac7609b4d07be6653735414990c9218fc4eac8,3,1,False,2026-08-17T12:48:05.466590+00:00,2026-08-17T12:48:16.640539+00:00,11.173949,11.173949
368,aisuite,22825e3fd71bb273404c07d9fb2d3fbba0e9ecf6,1,1,True,2026-08-17T12:51:41.541795+00:00,2026-08-17T12:51:50.326712+00:00,8.784917,8.784917
245,redash,22a76b07711abe61145409b4b4be6248747cea16,5,1,False,2026-08-27T01:16:50.157090+00:00,2026-08-27T01:17:04.299958+00:00,14.142868,14.142868
316,flask-admin,026bbd5ffd1394338d51c1c0c5c8209205ae33ed,12,1,False,2026-08-17T13:00:29.389825+00:00,2026-08-17T13:00:56.829030+00:00,27.439205,27.439205
432,docsgpt,cec8c72b4609f69a21bebd233c2662fa7bdd078b,1,1,True,2026-08-17T13:01:19.820614+00:00,2026-08-17T13:01:26.968230+00:00,7.147616,7.147616
244,python-telegram-bot,73e5958ee67f4f9a6a822b25d4c39bae81f1b6f4,1,1,True,2026-08-17T13:05:08.787096+00:00,2026-08-17T13:05:25.262254+00:00,16.475158,16.475158
250,dash,39ad7bd9c837699393e05ebdcc12c0c95119bc8f,12,1,False,2026-08-17T13:00:23.519429+00:00,2026-08-17T13:03:17.483488+00:00,173.964059,173.964059
265,scapy,261adce4ce40a3fbd323f79ba7823cf8523a8110,20,11,False,2026-08-17T12:49:46.974690+00:00,2026-08-17T14:24:50.669464+00:00,5703.694774,2134.875069
318,python-telegram-bot,c0d46a6bfc97c11b8a770d74b2fdb841622201a1,3,3,True,2026-08-27T01:30:53.455979+00:00,2026-08-27T02:34:10.560455+00:00,3797.104476,1257.934503
221,sqlmap,e87521de11a3590c9e844173d80eba1a07e36dd8,2,1,False,2026-08-17T13:01:00.577623+00:00,2026-08-17T13:01:15.022226+00:00,14.444603,14.444603
266,scapy,4e9d6740404d5413fce712e489e74fdb28c263ad,22,13,False,2026-08-27T01:20:36.297013+00:00,2026-08-27T02:56:13.724964+00:00,5737.427951,2442.848776
436,taipy,0f47a35383b9379d4ae85795eb9275fbc887e593,33,1,False,2026-08-17T12:59:48.102844+00:00,2026-08-17T13:00:24.756213+00:00,36.653369,36.653369
251,dash,a855c6db89e167ca01d87e79fc394e4bfd58c280,13,1,False,2026-08-27T02:34:05.825982+00:00,2026-08-27T02:36:46.455001+00:00,160.629019,160.629019
323,dspy,71b7fd4a926acb2c018af855f325502bfe03d417,10,3,False,2026-08-17T13:08:08.786581+00:00,2026-08-17T14:19:05.438605+00:00,4256.652024,241.913921
257,faster-whisper,bbfcebbc60b0bc5d238af2941a175f019d5b2aa4,3,2,False,2026-08-17T14:05:00.610833+00:00,2026-08-17T14:06:33.544451+00:00,92.933618,69.31377599999999
258,faster-whisper,0b806e8ab76c7c89d77ba91d827fbe0d52ec97b0,3,2,False,2026-08-17T13:36:47.531330+00:00,2026-08-17T13:43:54.241037+00:00,426.709707,69.52515
254,glances,11bab0fb5ed6c9b67ae9a4de2694c2fda47e2b62,6,1,False,2026-08-27T10:39:00.918203+00:00,2026-08-27T10:39:07.630093+00:00,6.71189,6.71189
289,rqalpha,411289ce91c2497290d0d51a16053612f27b43ff,8,1,False,2026-08-27T01:31:05.486815+00:00,2026-08-27T01:31:28.739135+00:00,23.25232,23.25232
319,python-telegram-bot,066ba5bb325850910e8f4cb76a91e3293c3b7619,3,3,True,2026-08-27T02:15:19.475539+00:00,2026-08-27T02:38:17.051174+00:00,1377.575635,1417.5470679999999
440,taipy,7939c1ba9f52be99b937172cf52cb090ad8bbe60,33,1,False,2026-08-17T13:27:22.761331+00:00,2026-08-17T13:28:05.873884+00:00,43.112553,43.112553
232,calibre,0c72143691d2bd88c3346287b827c1952293e338,1,1,True,2026-08-17T13:01:14.945079+00:00,2026-08-17T13:03:38.447483+00:00,143.502404,143.502404
313,kitty,4ffacbbe801b90aa147af206809b8c610ccbcefb,1,1,True,2026-08-27T02:19:45.382132+00:00,2026-08-27T02:21:10.090339+00:00,84.708207,84.708207
428,docsgpt,9aa7f22fa67f08ff9fa2d398f1c0f850b9bc60fc,2,1,False,2026-08-17T13:06:43.215701+00:00,2026-08-17T13:09:44.231676+00:00,181.015975,181.015975
309,deepcode,064c3b62f835ae5315b5893b3b4bd98b54e34ffa,1,1,True,2026-08-17T13:07:43.564191+00:00,2026-08-17T13:08:02.197784+00:00,18.633593,18.633593
437,taipy,2f45919d3e7f5032b8c4690eedc5ddfc87fdc1ac,30,20,False,2026-08-17T15:17:04.904396+00:00,2026-08-17T16:17:03.846004+00:00,3598.941608,4968.387867
424,docsgpt,50f5e8a9558dfa36d31f8b1758a1968d2615dc31,1,1,True,2026-08-17T13:14:23.922883+00:00,2026-08-17T13:14:28.783351+00:00,4.860468,4.860468
220,black,2f7e3239c2a33806331b1741a52cb07ad8c2cc85,21,18,False,2026-08-17T13:01:51.071546+00:00,2026-08-17T14:12:50.109939+00:00,4259.038393,2275.945378
338,maxkb,e2105a08c4f170a19caf838d8a84e13271a77334,1,1,True,2026-08-17T13:09:53.066265+00:00,2026-08-17T13:09:57.471367+00:00,4.405102,4.405102
320,cpython,6066f06de3275801b19af5f23ccb5e3940991e60,1,1,True,2026-08-17T13:08:23.600811+00:00,2026-08-17T13:09:48.058857+00:00,84.458046,84.458046
367,olmocr,359abef6547dec814c4cbaaa57b1ef4e26641888,5,3,False,2026-08-17T14:28:36.851006+00:00,2026-08-17T14:32:20.417478+00:00,223.566472,258.720778
210,django,f4e4c63e0b2c623663f0970e9532273fd22c9a20,3,2,False,2026-08-17T13:17:34.869187+00:00,2026-08-17T13:33:51.780981+00:00,976.911794,77.699141
255,glances,ce27d795db2ad56eabd9c05bf7a17c9a7bea951f,6,1,False,2026-08-17T15:17:49.112693+00:00,2026-08-17T15:18:03.078850+00:00,13.966157,13.966157
337,maxkb,d1fc8665c79e298c95cecc5e770fd2454ff5aada,1,1,True,2026-08-17T13:08:04.503453+00:00,2026-08-17T13:08:08.547369+00:00,4.043916,4.043916
315,glances,48674ee71fd28378322b16a8796b2288507831bd,6,1,False,2026-08-17T15:21:31.755488+00:00,2026-08-17T15:21:37.337038+00:00,5.58155,5.58155
247,locust,efe1611a385c2853ac5406082ab72d78b5dfcbfb,12,2,False,2026-08-17T15:20:44.733072+00:00,2026-08-17T15:32:11.817875+00:00,687.084803,504.288487
327,server,c7fbe73582650fe0c431fad4d0e290caa3efb3bb,1,1,True,2026-08-17T13:08:57.544829+00:00,2026-08-17T13:09:37.773454+00:00,40.228625,40.228625
285,python-binance,3ce7b9cb7b89ed8330621bdb0acb809eb830d687,5,1,False,2026-08-27T02:14:30.929704+00:00,2026-08-27T02:15:00.921580+00:00,29.991876,29.991876
269,qutebrowser,f57afa39e8c9dc4b57c95a021af8a588f6c8c822,30,18,False,2026-08-17T11:05:10.653013+00:00,2026-08-17T14:14:13.719217+00:00,11343.066204,18669.104777
427,docsgpt,946865a335e58efdaee920affe3f3fe737f292b6,1,1,True,2026-08-17T13:23:19.648140+00:00,2026-08-17T13:23:26.502470+00:00,6.85433,6.85433
439,taipy,54d68158be239eba9228f2cd180922c2cb7aa0d4,30,16,False,2026-08-17T15:21:44.640065+00:00,2026-08-17T16:12:21.874997+00:00,3037.234932,1321.104914
346,agentscope,db36ac2d272850e6b2f37ff6980f23c47017550a,1,1,True,2026-08-17T13:15:02.220320+00:00,2026-08-17T13:17:07.155268+00:00,124.934948,124.934948
300,dask,260605eb6e21f340badc76485a05dea891e88613,12,11,False,2026-08-27T01:45:50.366702+00:00,2026-08-27T03:06:50.426392+00:00,4860.05969,5088.982285
291,modmail,cc4d17e73e6e0f353b45fa931377e16adc881202,2,1,False,2026-08-17T13:23:43.172684+00:00,2026-08-17T13:24:35.466536+00:00,52.293852,52.293852
358,aiohttp,e1f83f4e100052b23c77ba60e4ff95d24a237ce8,25,4,False,2026-08-17T14:06:13.573455+00:00,2026-08-17T16:17:46.082332+00:00,7892.508877,663.9899839999999
347,aiohttp,03cacd5d36463c63f2fde9f8c8b600e7b3cbdd9b,25,3,False,2026-08-17T13:59:18.797894+00:00,2026-08-17T16:16:06.789214+00:00,8207.99132,349.516401
349,aiohttp,3fc1ead04551db5616ead6f0526403b75ff0acdc,25,6,False,2026-08-17T13:35:46.810047+00:00,2026-08-17T16:17:38.102071+00:00,9711.292024,689.7219670000001
376,docsgpt,36b5f53637cf5d45699494a41c6a26ff5e3bffe2,1,1,True,2026-08-17T13:21:33.003246+00:00,2026-08-17T13:21:38.990789+00:00,5.987543,5.987543
301,dask,a04180c58c29a081d430eeb4d86964039b5ebf79,12,10,False,2026-08-27T10:37:10.597967+00:00,2026-08-27T11:00:52.888666+00:00,1422.290699,4903.702813
443,taipy,b2d3b0e33d294b6eaf862048444d1f2ad04aaddc,30,19,False,2026-08-17T15:23:22.455701+00:00,2026-08-17T16:04:21.886014+00:00,2459.430313,5113.353282
426,docsgpt,8efb5578f2c0b9ad8e539bb79ff522c50d3bb771,2,1,False,2026-08-17T13:30:47.450079+00:00,2026-08-17T13:33:17.966975+00:00,150.516896,150.516896
359,aiohttp,f0b242b6794352fc7d4c8e46f7a1c532b31f0418,25,4,False,2026-08-17T14:25:51.663586+00:00,2026-08-17T16:18:07.190184+00:00,6735.526598,446.398293
360,aiohttp,fcb5b3b5b2febd0e703e9afa1a0d7bba12a0e985,25,5,False,2026-08-17T14:16:28.064266+00:00,2026-08-17T16:18:02.284003+00:00,7294.219737,792.173105
233,calibre,5e68d7e73930685c3ec5716e576e8ff13ffa53f4,1,1,True,2026-08-17T13:49:56.768374+00:00,2026-08-17T13:52:42.392698+00:00,165.624324,165.624324
270,qutebrowser,9d1dfcfe5c459826e947757684bfcc7df732defe,32,17,False,2026-08-17T11:05:43.258788+00:00,2026-08-17T15:08:56.255228+00:00,14592.99644,17987.619158
212,llama_index,69fefa3d94db6fa8b5aad63efe968e8053ee463c,1,1,True,2026-08-27T02:24:26.769420+00:00,2026-08-27T02:25:11.581005+00:00,44.811585,44.811585
234,calibre,44464700849670aefca66ee42eb7e75abd5c1ba3,1,1,True,2026-08-17T14:03:51.087290+00:00,2026-08-17T14:06:57.934253+00:00,186.846963,186.846963
329,maxkb,2c5abd2cb0b8434be180e7931e1b18e4227dbbb3,1,1,True,2026-08-17T13:51:28.485464+00:00,2026-08-17T13:51:32.530679+00:00,4.045215,4.045215
435,pythonrobotics,3627c24a2151114ef9ec1c937807a47649326e05,1,1,True,2026-08-17T13:50:53.581913+00:00,2026-08-17T13:54:49.077770+00:00,235.495857,235.495857
356,aiohttp,b1bd65dbd191b318325c4b87d626bb5d7967cda7,25,5,False,2026-08-17T14:12:15.512309+00:00,2026-08-17T16:18:26.946877+00:00,7571.434568,491.354267
350,aiohttp,4c387d563a3466ee7749ef3444ad470ec94b1733,25,4,False,2026-08-17T14:22:28.347914+00:00,2026-08-17T16:17:00.774182+00:00,6872.426268,429.980798
370,aisuite,83d739495ef5a0fd70e965b3efb70f840ce79e77,3,1,False,2026-08-17T14:07:15.900820+00:00,2026-08-17T14:09:26.118019+00:00,130.217199,130.217199
371,aisuite,903b9c80d03035f48ee42afd56248f4d3c335e5b,1,1,True,2026-08-17T14:18:21.626922+00:00,2026-08-17T14:18:29.271606+00:00,7.644684,7.644684
307,uvicorn,1635d1811c3630bf60e4392671e04be7765d902e,5,5,True,2026-08-17T13:53:00.951146+00:00,2026-08-17T16:02:41.638724+00:00,7780.687578,119.219495
351,aiohttp,4c8a64962e9e5ed22e05a2e0423a26c83dbb72cc,25,4,False,2026-08-17T14:01:55.254754+00:00,2026-08-17T16:17:39.669815+00:00,8144.415061,364.415796
352,aiohttp,6775f4c2839c9d529d3984d76610b54d5a8a19db,25,6,False,2026-08-17T14:12:55.555135+00:00,2026-08-17T16:17:49.289485+00:00,7493.73435,493.09172
216,scrapy,38a33e76e84f68df9d4d0387dfff2887bace39a2,4,4,True,2026-08-17T13:56:32.428929+00:00,2026-08-17T14:04:45.500147+00:00,493.071218,176.389722
441,taipy,873b04ac9ecd4ea48e46af92ba2a8825ca781eb6,30,19,False,2026-08-17T15:50:45.979388+00:00,2026-08-17T16:43:11.201333+00:00,3145.221945,4203.154162
314,locust,61b034a122453c563e1304c0977230172d5e8767,10,6,False,2026-08-27T02:18:26.678138+00:00,2026-08-27T03:02:12.197044+00:00,2625.518906,939.82036
322,sqlmap,d01a6ec49f1aac932816c81c0354de64c0183373,5,1,False,2026-08-17T13:59:04.882901+00:00,2026-08-17T13:59:24.226729+00:00,19.343828,19.343828
331,maxkb,6964fcd4152f54ef1091ddb84a102bde8ba8c12f,1,1,True,2026-08-17T14:06:50.791707+00:00,2026-08-17T14:06:56.857726+00:00,6.066019,6.066019
339,maxkb,e6d2dc68133f80003d2ac7429bcf7715b8c920d0,1,1,True,2026-08-17T14:13:12.602815+00:00,2026-08-17T14:13:18.463141+00:00,5.860326,5.860326
332,maxkb,8dc44333c309188f0a8337f20af6f2c01313b0de,1,1,True,2026-08-17T14:18:15.837666+00:00,2026-08-17T14:18:21.127466+00:00,5.2898,5.2898
217,scrapy,7a4b27be84c300a67cc8dea17a3b3d4e75688dd8,6,3,False,2026-08-17T14:08:43.951639+00:00,2026-08-17T14:31:40.577608+00:00,1376.625969,169.777232
214,cpython,d76dc85f4b7ccf18eb28510f36e2b8fcd7ce2bff,8,1,False,2026-08-17T14:30:30.420586+00:00,2026-08-17T14:30:46.944569+00:00,16.523983,16.523983
222,sqlmap,86e4cd55fa5e00e99c72cd91c4b69b231d79a270,5,1,False,2026-08-17T14:03:36.565435+00:00,2026-08-17T14:04:01.818407+00:00,25.252972,25.252972
433,docsgpt,d461f312431b69d9e3a4068b50fca6449fd34940,1,1,True,2026-08-17T14:12:09.108081+00:00,2026-08-17T14:12:16.241190+00:00,7.133109,7.133109
302,django-import-export,3fecab1b8e5668d6fa49529e87195f6ee7eba268,5,1,False,2026-08-27T02:24:52.311385+00:00,2026-08-27T02:28:39.134594+00:00,226.823209,226.823209
248,locust,fdf5d0ecff09bdd75fcd9a15b83f381d6e08b780,1,1,True,2026-08-27T01:58:50.414563+00:00,2026-08-27T02:05:32.180820+00:00,401.766257,401.766257
336,maxkb,d01e72609895cf1020f3118efb54c523bde6d9af,1,1,True,2026-08-17T14:19:33.652487+00:00,2026-08-17T14:19:39.835549+00:00,6.183062,6.183062
215,cpython,6045a677ac736652e43bacb313f2fa2ab56c7cda,8,1,False,2026-08-17T14:31:47.632446+00:00,2026-08-17T14:32:02.995854+00:00,15.363408,15.363408
263,pillow,7a161f65a2b75840c6a15ef8e27f17634792b906,1,1,True,2026-08-17T14:07:01.586098+00:00,2026-08-17T14:10:37.213644+00:00,215.627546,215.627546
328,maxkb,285c5e3cc5594117a716edb859fc4b83c5e0bffd,1,1,True,2026-08-17T14:13:36.474467+00:00,2026-08-17T14:14:10.555999+00:00,34.081532,34.081532
341,agentscope,8c1154c05bc26ae09bdc28d2dc23d95ba4d03045,6,1,False,2026-08-17T14:07:58.072628+00:00,2026-08-17T14:09:06.031266+00:00,67.958638,67.958638
342,agentscope,a5c10b0775fa7cf2c1e669ed67df7379a5484b50,3,1,False,2026-08-17T14:17:16.175694+00:00,2026-08-17T14:18:18.049797+00:00,61.874103,61.874103
330,maxkb,34d266419c7e9ea075d674394e5fa567c2720d08,1,1,True,2026-08-17T14:28:00.756842+00:00,2026-08-17T14:28:05.687114+00:00,4.930272,4.930272
333,maxkb,95dd5bb1f7ae87cf5ab482420b4dd72454165ff3,1,1,True,2026-08-17T14:24:00.702141+00:00,2026-08-17T14:24:05.596219+00:00,4.894078,4.894078
259,faster-whisper,9090997d2545e86d4bf026012c0a74b6a92c568b,3,1,False,2026-08-17T14:09:31.893288+00:00,2026-08-17T14:10:10.068947+00:00,38.175659,38.175659
243,graphrag,9fa62424e0f94d17a247b63898651667216075a5,2,2,True,2026-08-17T14:12:22.785453+00:00,2026-08-17T14:28:58.334971+00:00,995.549518,39.272721000000004
242,graphrag,4f79881e6cd35592692c7a7c1cb1d639eb70a009,2,2,True,2026-08-17T14:11:26.563426+00:00,2026-08-17T14:19:39.282140+00:00,492.718714,360.325642
365,olmocr,210389f0f1f96259c04f72dd120396d38ee8e24e,5,2,False,2026-08-17T14:25:10.073988+00:00,2026-08-17T14:33:45.605490+00:00,515.531502,193.450067
211,django,7d4f15d5b669904fa89334b6ac3785a751ea7c86,3,2,False,2026-08-17T14:38:29.520257+00:00,2026-08-17T14:44:03.223030+00:00,333.702773,85.61759400000001
334,maxkb,a1741388832b295ac6f4f031820ea292f484c64a,1,1,True,2026-08-17T14:26:35.577954+00:00,2026-08-17T14:26:41.355131+00:00,5.777177,5.777177
355,aiohttp,adafb541714013634f654850ffd105f3e266568c,25,4,False,2026-08-17T14:35:55.818956+00:00,2026-08-17T16:23:16.171898+00:00,6440.352942,294.340621
357,aiohttp,d004843873a1eaf274622b9dd027b7de87f33e16,25,5,False,2026-08-17T14:18:13.697466+00:00,2026-08-17T16:18:32.894044+00:00,7219.196578,438.361016
213,cpython,7ab76a8fcbc8388a54cc0ca3caaaac5a56bbe680,14,1,False,2026-08-17T14:13:31.542669+00:00,2026-08-17T14:24:00.519003+00:00,628.976334,628.976334
288,flask-admin,4846dead90a34de7b3d8addf4ddf36300ccbc6e3,12,5,False,2026-08-17T14:43:01.880965+00:00,2026-08-17T15:16:46.352946+00:00,2024.471981,279.487542
429,docsgpt,a1890457665c07d1a31b62684d57e8c4aa98bc0f,1,1,True,2026-08-17T14:19:43.573632+00:00,2026-08-17T14:19:50.154270+00:00,6.580638,6.580638
335,maxkb,abc695c3074f1400432fd74ecc75d50f439147b3,1,1,True,2026-08-17T14:17:37.587173+00:00,2026-08-17T14:17:43.506565+00:00,5.919392,5.919392
353,aiohttp,8b959a5c872c8ee674a62b24af1fc2babab4110c,25,3,False,2026-08-17T14:31:57.099125+00:00,2026-08-17T16:17:02.504257+00:00,6305.405132,79.37495299999999
430,docsgpt,ab4ebf9a9dc3c4ee40947141afdbc96a981d1ed5,1,1,True,2026-08-17T14:23:19.703848+00:00,2026-08-17T14:26:32.933150+00:00,193.229302,193.229302
218,OpenManus,b2f5e2a29d323066e68b3d7a05446078fb00b7c1,1,1,True,2026-08-17T14:19:44.849165+00:00,2026-08-17T14:20:05.067633+00:00,20.218468,20.218468
219,OpenManus,a058b974002c2b92745c244932e162670feab256,1,1,True,2026-08-17T14:23:06.806294+00:00,2026-08-17T14:23:29.547803+00:00,22.741509,22.741509
354,aiohttp,95daf0c88c0124cfe87000050efe81be97516d51,25,4,False,2026-08-17T14:30:21.919713+00:00,2026-08-17T16:17:44.039696+00:00,6442.119983,367.74764899999997
348,aiohttp,3a7e3367046eb22823eed815391d0845ff3c6835,25,3,False,2026-08-17T14:30:59.066949+00:00,2026-08-17T16:20:34.354624+00:00,6575.287675,368.01023899999996
422,docsgpt,39b871ce5e33ecaa12e176f850014d7f1a0fc81a,1,1,True,2026-08-17T14:31:16.124938+00:00,2026-08-17T14:34:41.735311+00:00,205.610373,205.610373
442,taipy,9a7e04e18229fb2ecea1a992ade0e4098bd675e0,30,16,False,2026-08-17T16:07:00.649832+00:00,2026-08-17T16:31:35.844101+00:00,1475.194269,1581.677096
438,taipy,358dc4d954c07b9725c93750029a413768a9fc16,30,17,False,2026-08-17T16:06:07.758429+00:00,2026-08-17T16:28:36.135909+00:00,1348.37748,1611.313599
375,docsgpt,248a0b8e6a790d65a3e47ce1972967cdf5baf786,1,1,True,2026-08-17T14:37:10.979655+00:00,2026-08-17T14:37:17.824903+00:00,6.845248,6.845248
287,flask-admin,73dfb313ca4efa46a4b018ac388ed26040556feb,12,5,False,2026-08-17T14:22:09.175359+00:00,2026-08-17T15:06:33.462580+00:00,2664.287221,407.692433
303,django-import-export,dadeba110a5a98dbc810f9b8f3896424175318c1,5,1,False,2026-08-27T02:12:59.900716+00:00,2026-08-27T02:15:18.148244+00:00,138.247528,138.247528
268,robotframework,db0f6d63aa4936fe684e6f82e5e6b110787adafa,15,1,False,2026-08-17T14:29:36.609690+00:00,2026-08-17T14:30:10.955021+00:00,34.345331,34.345331
271,speechbrain,8f705513f0244f89d4b0c186f76c7d7b0da37c85,1,1,True,2026-08-17T14:26:38.821513+00:00,2026-08-17T14:27:12.397889+00:00,33.576376,33.576376
267,scapy,4b39624a941b0c6fc5e8b54d90174475dd411b5e,20,15,False,2026-08-17T14:09:11.645712+00:00,2026-08-17T15:21:26.815134+00:00,4335.169422,1374.341342
262,scipy,275119c05eb95555e52b5c4b25ee27baf150fbe6,2,1,False,2026-08-17T16:16:07.494389+00:00,2026-08-17T16:37:34.835050+00:00,1287.340661,1287.340661
284,sphinx,e5cf9e0da88f8a9835011d89c15146d25806f619,6,1,False,2026-08-17T14:41:17.981236+00:00,2026-08-17T14:41:23.314867+00:00,5.333631,5.333631
431,docsgpt,ccd70011ea8680e351ccdea190cc7ae52486d404,1,1,True,2026-08-17T14:33:42.385043+00:00,2026-08-17T14:33:49.604508+00:00,7.219465,7.219465
304,starlette,16c48e2d1190bbc6fd907ae612921df5dd3f42f4,6,2,False,2026-08-17T14:31:35.870530+00:00,2026-08-17T16:08:49.892819+00:00,5834.022289,17.815049
565,crewai,0bef3aba9a6f8b20804f2234ab6392359091e965,2,3,False,2026-08-17T14:54:47.418573+00:00,2026-08-17T15:04:09.083289+00:00,561.664716,220.891527
292,LightRAG,ce28f30ca68a2e0469f14beb1b4d65a4633d211e,1,1,True,2026-08-17T14:34:45.517035+00:00,2026-08-17T14:34:59.798954+00:00,14.281919,14.281919
308,facefusion,df5e9e422993a051ab7e2fc7b1dc70485a40c7d3,5,2,False,2026-08-17T14:34:33.114633+00:00,2026-08-17T14:48:37.119283+00:00,844.00465,731.458206
321,llama_index,b828018b142c3297f962643eea8c07ce460072ab,1,1,True,2026-08-27T02:31:38.098594+00:00,2026-08-27T02:34:18.460283+00:00,160.361689,160.361689
306,uvicorn,c4330a42492e01350945e09419953aa3f40fb796,22,22,True,2026-08-17T14:09:11.032840+00:00,2026-08-17T16:16:28.632974+00:00,7637.600134,1307.459033
305,uvicorn,207b861fbc10acc867a6f04eae0b4c866d1e508d,22,19,False,2026-08-17T14:36:22.497696+00:00,2026-08-17T16:16:02.322970+00:00,5979.825274,941.023419
345,agentscope,cc56de1de82a4b19a12b117697ebf21f7edcf8a1,1,1,True,2026-08-17T14:38:19.380010+00:00,2026-08-17T14:40:57.166280+00:00,157.78627,157.78627
369,aisuite,2c0067cc759603ef930bffdbc0225479c8c5cd93,1,1,True,2026-08-27T10:38:26.658376+00:00,2026-08-27T10:38:34.403348+00:00,7.744972,7.744972
373,aisuite,bad6b76af688c10ecd094e8e7d9c14a20e1137a7,3,1,False,2026-08-17T14:38:50.537830+00:00,2026-08-17T14:39:08.673970+00:00,18.13614,18.13614
340,agentscope,1269df3cb05ca13f7cddfb2eff4759a48060a501,1,1,True,2026-08-17T14:44:49.021159+00:00,2026-08-17T14:47:22.077149+00:00,153.05599,153.05599
372,aisuite,96dafcc506deebe62c5cc7baf77861e0222fd4de,3,1,False,2026-08-17T14:50:43.748784+00:00,2026-08-17T14:50:56.124089+00:00,12.375305,12.375305
361,airbyte,1b0318d0f4d5b14fb18e025781bd9922e9c6d06f,1,1,True,2026-08-17T14:39:44.332685+00:00,2026-08-17T14:41:13.486436+00:00,89.153751,89.153751
423,docsgpt,487e1157df0cb267387c26cbb92b9b52077ea31d,1,1,True,2026-08-17T14:43:15.558093+00:00,2026-08-17T14:44:25.124232+00:00,69.566139,69.566139
364,airbyte,eff8e29d670e06a40ccb39af8fef5c600bc5053a,1,1,True,2026-08-17T14:39:49.324050+00:00,2026-08-17T14:41:40.938905+00:00,111.614855,111.614855
363,airbyte,e3b35e51ceb12ec20f362927d38c03c990031af4,1,1,True,2026-08-17T14:41:48.209445+00:00,2026-08-17T14:43:45.500022+00:00,117.290577,117.290577
395,litellm,c1403f5eff1e82c734b26cd56894654dcee4d502,1,1,True,2026-08-17T14:44:12.933312+00:00,2026-08-17T14:47:09.661994+00:00,176.728682,176.728682
434,docsgpt,f36e8e3db8d679b426368e7fb40886a4ad3ec241,1,1,True,2026-08-17T14:51:11.440855+00:00,2026-08-17T14:54:45.292538+00:00,213.851683,213.851683
343,agentscope,bc00327a9a8a8af77dcf76a8316ddbbefb4ad19f,1,1,True,2026-08-17T14:44:07.759367+00:00,2026-08-17T14:46:50.514973+00:00,162.755606,162.755606
362,airbyte,5457d8f7169d6a1855367a7cb56ff9658f972421,1,1,True,2026-08-17T14:28:50.693125+00:00,2026-08-17T14:30:20.864620+00:00,90.171495,90.171495
379,litellm,b98eccc009b47575b38d985dc18b8655eb2f6143,1,1,True,2026-08-17T14:46:27.779923+00:00,2026-08-17T14:49:30.082121+00:00,182.302198,182.302198
567,crewai,0d95b133ddb0fa253ec05ebaeef9ec901c6f7237,2,2,True,2026-08-17T14:52:57.993235+00:00,2026-08-17T14:56:15.273313+00:00,197.280078,197.693919
